batter_id,name,team,hand,pa,k_rate,bb_rate,hbp_rate,hr_rate,single_rate,double_rate,triple_rate,gbout_rate,fbout_rate,ldout_rate,fc_rate,gidp_prob_given_gbout,sf_prob_given_fbout,sac_bunt_prob
457705,Andrew McCutchen,TEX,R,1107,0.240200,0.110110,0.008191,0.031845,0.136487,0.040029,0.000911,0.191084,0.182907,0.046406,0.011831,0.093984,0.019681,0.000000
467793,Carlos Santana,AZ,R,1094,0.181651,0.105505,0.008257,0.031193,0.133028,0.034862,0.000000,0.196330,0.236697,0.059633,0.012844,0.078947,0.018576,0.000000
500743,Miguel Rojas,LAD,R,704,0.128019,0.068281,0.004267,0.018493,0.172116,0.058322,0.000000,0.268850,0.211948,0.052633,0.017070,0.085176,0.021417,0.007103
502671,Paul Goldschmidt,NYY,R,1211,0.232247,0.065987,0.005839,0.028399,0.152901,0.055135,0.001671,0.205501,0.192161,0.047625,0.012533,0.107779,0.013836,0.000000
514888,Jose Altuve,HOU,R,1454,0.172078,0.082215,0.007604,0.034555,0.177615,0.043534,0.000692,0.214924,0.201818,0.051144,0.013822,0.111941,0.016057,0.000688
516782,Starling Marte,KC,R,727,0.224511,0.066118,0.016529,0.022039,0.172179,0.042697,0.004132,0.254824,0.144628,0.035814,0.016529,0.075442,0.045616,0.005502
518595,Travis d'Arnaud,LAA,R,592,0.288852,0.062500,0.016892,0.035473,0.109797,0.052364,0.000000,0.209459,0.168919,0.042230,0.013514,0.098311,0.040292,0.000000
518692,Freddie Freeman,LAD,L,1378,0.174782,0.093267,0.013214,0.038173,0.152000,0.060202,0.002939,0.204094,0.198200,0.049917,0.013214,0.097680,0.039131,0.000000
519317,Giancarlo Stanton,NYY,R,836,0.315698,0.083134,0.003616,0.063876,0.131275,0.038554,0.000000,0.150607,0.163838,0.039759,0.009643,0.180167,0.017965,0.000000
521692,Salvador Perez,KC,R,1404,0.194357,0.046243,0.018064,0.044074,0.136555,0.048409,0.000000,0.195089,0.243507,0.061419,0.012284,0.115141,0.016819,0.000000
542303,Marcell Ozuna,PIT,R,1359,0.246119,0.127866,0.004436,0.044353,0.140443,0.036960,0.000000,0.174426,0.171449,0.042861,0.011088,0.139435,0.039132,0.000000
543309,Kyle Higashioka,TEX,R,622,0.247589,0.062701,0.003215,0.048232,0.130225,0.038585,0.003215,0.173633,0.225081,0.056270,0.011254,0.068975,0.016993,0.001608
543510,James McCann,AZ,R,403,0.251234,0.057214,0.014927,0.032342,0.134344,0.044769,0.000000,0.218899,0.186569,0.047263,0.012439,0.065137,0.053075,0.004962
543685,Anthony Rendon,LAA,R,238,0.147059,0.096639,0.021008,0.000000,0.147059,0.042017,0.000000,0.218487,0.252101,0.063025,0.012605,0.072727,0.053333,0.000000
543760,Marcus Semien,NYM,R,1364,0.163726,0.088107,0.007341,0.029369,0.140971,0.034508,0.002202,0.190900,0.264314,0.066813,0.011748,0.069666,0.026470,0.000000
543807,George Springer,TOR,R,1317,0.194474,0.107188,0.010724,0.042118,0.138622,0.040572,0.003064,0.222824,0.180692,0.045175,0.014547,0.096580,0.020493,0.000000
543877,Christian Vázquez,HOU,R,576,0.185764,0.053819,0.008680,0.020834,0.140625,0.038195,0.000000,0.232639,0.244792,0.060764,0.013889,0.112489,0.033565,0.012152
545121,Ildemaro Vargas,AZ,R,480,0.108334,0.052083,0.008333,0.012500,0.187500,0.045833,0.006250,0.327083,0.185417,0.045834,0.020833,0.070312,0.053066,0.012500
545341,Randal Grichuk,NYY,R,586,0.196572,0.061540,0.006837,0.035898,0.126499,0.064959,0.005128,0.196587,0.234186,0.059828,0.011966,0.088779,0.029305,0.000000
545361,Mike Trout,LAA,R,800,0.298990,0.145031,0.013992,0.050893,0.109419,0.022899,0.003818,0.114504,0.188290,0.045801,0.006362,0.095000,0.033099,0.000000
547180,Bryce Harper,PHI,L,1323,0.209848,0.110246,0.006130,0.047472,0.128655,0.062019,0.000000,0.194463,0.182980,0.045939,0.012249,0.086105,0.016867,0.000756
553993,Eugenio Suárez,CIN,R,1407,0.288256,0.072597,0.017795,0.059077,0.113876,0.041282,0.001424,0.147330,0.198578,0.049822,0.009964,0.095423,0.051363,0.000000
571448,Nolan Arenado,AZ,R,1161,0.142082,0.058935,0.006934,0.024270,0.169852,0.037266,0.000867,0.209718,0.269487,0.067587,0.013002,0.114409,0.028475,0.000000
571657,Kyle Farmer,ATL,R,548,0.210240,0.063986,0.018281,0.023766,0.127969,0.049360,0.001828,0.213897,0.223030,0.054845,0.012798,0.120306,0.035340,0.000000
571771,Enrique Hernández,LAD,R,649,0.223421,0.069337,0.000000,0.033898,0.129430,0.036980,0.000000,0.198767,0.237288,0.058552,0.012327,0.145985,0.041667,0.003082
571970,Max Muncy,LAD,L,772,0.245793,0.148986,0.014367,0.051008,0.108545,0.035266,0.002613,0.138603,0.197314,0.048344,0.009160,0.060848,0.056682,0.000000
572233,Christian Walker,HOU,R,1306,0.250130,0.076218,0.016158,0.045423,0.131643,0.047760,0.000770,0.165535,0.204774,0.050809,0.010781,0.104201,0.036145,0.000000
573262,Mike Yastrzemski,ATL,L,1125,0.225000,0.105349,0.007145,0.031257,0.116967,0.042858,0.010713,0.169632,0.224115,0.056253,0.010713,0.069071,0.018940,0.002667
575929,Willson Contreras,BOS,R,1031,0.257062,0.105141,0.037975,0.037975,0.131453,0.048692,0.000974,0.172350,0.157745,0.038949,0.011683,0.137723,0.019681,0.000970
592178,Kris Bryant,COL,R,196,0.311224,0.076531,0.040816,0.010204,0.132653,0.035714,0.000000,0.163265,0.173469,0.045918,0.010204,0.205882,0.023256,0.000000
592206,Nick Castellanos,SD,R,1308,0.217458,0.057427,0.010720,0.030629,0.148547,0.048237,0.004594,0.202908,0.213629,0.053599,0.012251,0.096280,0.022989,0.000000
592450,Aaron Judge,NYY,R,1491,0.253443,0.147397,0.012565,0.081728,0.134084,0.047511,0.002097,0.126299,0.149477,0.037028,0.008371,0.220437,0.033315,0.000000
592518,Manny Machado,SD,R,1427,0.197183,0.079915,0.002826,0.040981,0.157571,0.047346,0.000000,0.212732,0.197846,0.050171,0.013430,0.140613,0.032849,0.000000
592626,Joc Pederson,TEX,L,814,0.223346,0.115390,0.028547,0.042187,0.112921,0.035981,0.002482,0.171218,0.204666,0.052091,0.011171,0.081981,0.027658,0.001229
592663,J.T. Realmuto,PHI,R,1035,0.239340,0.067823,0.017438,0.027132,0.160859,0.045542,0.001938,0.211242,0.172483,0.042638,0.013565,0.094825,0.017886,0.000000
592885,Christian Yelich,MIL,L,1055,0.239705,0.094895,0.007667,0.040259,0.176444,0.035477,0.004801,0.254088,0.103520,0.026843,0.016301,0.032110,0.014325,0.000948
593428,Xander Bogaerts,SD,R,1133,0.163727,0.069914,0.004425,0.023008,0.169915,0.043364,0.000885,0.238930,0.216808,0.053981,0.015044,0.088262,0.046316,0.000883
593871,Jorge Polanco,NYM,R,1086,0.214430,0.086874,0.006471,0.038824,0.130319,0.043435,0.000000,0.178375,0.231040,0.058221,0.012013,0.111591,0.022758,0.002762
595879,Javier Báez,DET,R,797,0.242770,0.028931,0.012577,0.023899,0.152197,0.044020,0.003774,0.236480,0.191198,0.047802,0.016351,0.089398,0.043107,0.000000
595978,Austin Hedges,CLE,R,356,0.278090,0.067416,0.011236,0.019663,0.112360,0.028090,0.000000,0.182584,0.233146,0.056180,0.011236,0.059867,0.037564,0.019663
596019,Francisco Lindor,NYM,R,1551,0.180762,0.089732,0.019367,0.041319,0.137511,0.049066,0.003227,0.190442,0.220789,0.055520,0.012266,0.051684,0.023321,0.000000
596103,Austin Slater,MIA,R,412,0.308252,0.094660,0.012136,0.016990,0.133495,0.024272,0.002427,0.213593,0.145631,0.033980,0.014563,0.113761,0.077939,0.002427
596115,Trevor Story,BOS,R,874,0.284716,0.047084,0.009187,0.033299,0.151567,0.045927,0.000000,0.183683,0.187133,0.045923,0.011480,0.051113,0.023398,0.001144
596142,Gary Sánchez,MIL,R,429,0.277389,0.095571,0.023310,0.051282,0.123543,0.020979,0.002331,0.181818,0.167833,0.044289,0.011655,0.129808,0.042912,0.000000
600869,Jeimer Candelario,LAA,R,574,0.263525,0.062827,0.012216,0.038394,0.097731,0.047120,0.003490,0.218150,0.193717,0.048866,0.013962,0.067669,0.035971,0.000000
602104,Ramón Urías,STL,R,740,0.212162,0.071622,0.012162,0.035135,0.143243,0.041892,0.002703,0.208108,0.208108,0.051352,0.013514,0.036182,0.057062,0.000000
605137,Josh Bell,MIN,R,1246,0.192069,0.098456,0.010490,0.037930,0.141249,0.037926,0.002422,0.236514,0.182409,0.046004,0.014532,0.122712,0.028341,0.000000
605141,Mookie Betts,LAD,R,1211,0.106877,0.100249,0.004143,0.033969,0.158244,0.039768,0.005800,0.174814,0.292461,0.072908,0.010771,0.120536,0.031746,0.000000
605170,Victor Caratini,MIN,R,754,0.169991,0.070382,0.025231,0.026563,0.175296,0.031874,0.001329,0.239042,0.195219,0.049136,0.015936,0.093471,0.059727,0.000000
606192,Teoscar Hernández,LAD,R,1290,0.273924,0.062260,0.008561,0.048250,0.142402,0.049031,0.002335,0.204675,0.157197,0.038911,0.012454,0.079259,0.031571,0.000000
606466,Ketel Marte,AZ,R,1262,0.170522,0.100094,0.011215,0.053656,0.144929,0.044043,0.001603,0.235350,0.178541,0.044835,0.015213,0.070647,0.043078,0.000000
607043,Brandon Nimmo,TEX,L,1426,0.225571,0.094865,0.014759,0.035126,0.143414,0.039350,0.003522,0.208024,0.177045,0.044969,0.013355,0.053899,0.031147,0.000701
607208,Trea Turner,PHI,R,1295,0.178514,0.059505,0.008501,0.027822,0.191656,0.049459,0.005409,0.225658,0.191652,0.047141,0.014683,0.080911,0.009774,0.000000
608070,José Ramírez,CLE,R,1470,0.119149,0.068940,0.006278,0.049511,0.140844,0.055058,0.003488,0.188228,0.285596,0.071050,0.011859,0.061662,0.021890,0.000000
608324,Alex Bregman,CHC,R,1246,0.139291,0.082929,0.011274,0.038648,0.144928,0.048314,0.001610,0.199674,0.256842,0.063607,0.012882,0.105880,0.015110,0.000000
608348,Carson Kelly,CHC,R,812,0.183498,0.100985,0.011083,0.032019,0.152709,0.032020,0.002463,0.206897,0.213054,0.052956,0.012315,0.093725,0.023128,0.000000
608369,Corey Seager,TEX,L,1085,0.199607,0.096043,0.007534,0.054611,0.148780,0.037672,0.000000,0.203397,0.192092,0.047083,0.013182,0.090528,0.032116,0.000000
608701,Rob Refsnyder,SEA,R,552,0.259120,0.100348,0.010952,0.036505,0.140545,0.051107,0.001825,0.189800,0.158716,0.040129,0.010952,0.107488,0.028734,0.000000
609280,Miguel Andujar,SD,R,729,0.145598,0.045329,0.008240,0.019232,0.210168,0.048077,0.005493,0.258245,0.193684,0.048078,0.017856,0.089120,0.016874,0.000000
620443,Luis Torrens,NYM,R,445,0.197753,0.062921,0.008989,0.017978,0.137079,0.053933,0.002247,0.276404,0.179775,0.044944,0.017978,0.091814,0.010148,0.002247
621020,Dansby Swanson,CHC,R,1343,0.257459,0.085067,0.002986,0.031344,0.138811,0.039554,0.003732,0.214185,0.170147,0.042536,0.014179,0.051760,0.034832,0.000745
621043,Carlos Correa,HOU,R,1051,0.179091,0.087172,0.003829,0.027772,0.178160,0.050759,0.001914,0.235632,0.176271,0.044071,0.015329,0.114487,0.022003,0.000000
621438,Tyrone Taylor,NYM,R,718,0.223787,0.046159,0.019582,0.015381,0.134267,0.058741,0.008392,0.192996,0.232162,0.057343,0.011190,0.055395,0.014572,0.005571
621439,Byron Buxton,MIN,R,1044,0.266857,0.062614,0.019269,0.051078,0.123324,0.052024,0.011559,0.122378,0.226356,0.056832,0.007710,0.021377,0.033872,0.000000
621493,Taylor Ward,BAL,R,1443,0.250349,0.106102,0.006935,0.042304,0.119278,0.052701,0.002774,0.148406,0.209433,0.052705,0.009015,0.104956,0.042486,0.000000
621566,Matt Olson,ATL,L,1528,0.252824,0.110601,0.008554,0.042801,0.124405,0.059266,0.001974,0.173801,0.171133,0.043445,0.011194,0.110380,0.030171,0.000000
622761,Jorge Mateo,ATL,R,311,0.270096,0.051447,0.003215,0.025724,0.109325,0.064309,0.006431,0.205787,0.202572,0.048232,0.012862,0.057781,0.038205,0.006431
623168,Tyler Heineman,TOR,R,228,0.188597,0.074561,0.039474,0.013158,0.192982,0.035088,0.004386,0.184210,0.206140,0.052631,0.008772,0.024775,0.031609,0.021929
623993,Anthony Santander,TOR,R,886,0.215420,0.089569,0.009070,0.056689,0.104308,0.034014,0.002268,0.162132,0.252834,0.063492,0.010204,0.098684,0.021505,0.000000
624413,Pete Alonso,BAL,R,1514,0.243176,0.088368,0.018609,0.049176,0.121599,0.050502,0.000665,0.184720,0.184715,0.046510,0.011959,0.131736,0.037457,0.000000
624424,Michael Conforto,CHC,L,1019,0.249507,0.105105,0.013753,0.031435,0.110018,0.048133,0.002947,0.200395,0.180749,0.045187,0.012771,0.127631,0.025784,0.000000
624428,Adam Frazier,LAA,L,786,0.188774,0.067590,0.019134,0.014031,0.163266,0.040816,0.001275,0.218113,0.219395,0.053575,0.014031,0.043858,0.023015,0.007634
624431,Jose Trevino,CIN,R,548,0.151460,0.065693,0.003650,0.021898,0.138686,0.045620,0.000000,0.282847,0.217153,0.054745,0.018248,0.127273,0.040268,0.003650
624512,Reese McGuire,CWS,L,328,0.234756,0.051829,0.012195,0.036586,0.137196,0.015244,0.000000,0.231707,0.213414,0.051829,0.015244,0.084286,0.058002,0.006097
624585,Jorge Soler,LAA,R,1005,0.277697,0.108890,0.013982,0.039954,0.110893,0.048955,0.000999,0.172839,0.172839,0.042959,0.009993,0.101211,0.042608,0.000000
624641,Edmundo Sosa,PHI,R,563,0.224606,0.048120,0.017827,0.032089,0.153305,0.046344,0.008914,0.233500,0.176474,0.044561,0.014261,0.087325,0.032236,0.007105
628451,Andy Ibáñez,ATH,R,463,0.200864,0.062635,0.015119,0.019438,0.157668,0.036717,0.002160,0.177106,0.254860,0.062635,0.010799,0.091475,0.020680,0.000000
630105,Jake Cronenworth,SD,L,1278,0.193243,0.110762,0.020427,0.023568,0.135904,0.040067,0.003143,0.213659,0.196386,0.049488,0.013353,0.086818,0.032006,0.003912
640902,Jhonny Pereda,SEA,R,118,0.262712,0.067797,0.008475,0.000000,0.169492,0.050847,0.000000,0.245763,0.144068,0.033898,0.016949,0.096774,0.000000,0.008475
641343,Jake Bauers,MIL,L,648,0.304971,0.117653,0.010838,0.037145,0.113003,0.030961,0.003096,0.140842,0.185765,0.046440,0.009285,0.027590,0.006610,0.000000
641355,Cody Bellinger,NYY,L,1333,0.145661,0.084508,0.003774,0.036986,0.156989,0.037741,0.007544,0.170574,0.276975,0.068679,0.010569,0.074327,0.036884,0.000000
641487,J.P. Crawford,SEA,L,1152,0.207643,0.117287,0.007819,0.018246,0.147699,0.036490,0.001738,0.217205,0.185925,0.046047,0.013901,0.066987,0.007490,0.005209
641555,J.C. Escarra,NYY,L,118,0.169491,0.110169,0.008474,0.016950,0.084746,0.042373,0.000000,0.271187,0.220339,0.059322,0.016950,0.029524,0.061017,0.000000
641584,Jake Fraley,TB,L,663,0.194867,0.087610,0.006043,0.016617,0.163148,0.051356,0.003022,0.194872,0.216003,0.054378,0.012085,0.049718,0.017304,0.000000
641598,Mitch Garver,SEA,R,742,0.298244,0.118755,0.013496,0.032390,0.095816,0.029690,0.001350,0.155194,0.197035,0.048584,0.009447,0.124181,0.032478,0.000000
641680,Jonah Heim,ATL,R,960,0.191666,0.066667,0.005208,0.025000,0.141667,0.029166,0.001042,0.230208,0.236459,0.058333,0.014583,0.097700,0.021255,0.001042
641857,Ryan McMahon,NYY,L,1303,0.310173,0.114185,0.005402,0.030869,0.121924,0.039358,0.000772,0.189810,0.140436,0.035495,0.011576,0.068791,0.030523,0.000000
641933,Tyler O'Neill,BAL,R,750,0.298434,0.100811,0.018802,0.056462,0.110190,0.032271,0.001344,0.142460,0.185466,0.045694,0.008068,0.135094,0.029465,0.000000
642086,Dominic Smith,ATL,L,588,0.214286,0.079932,0.010204,0.025510,0.153061,0.057823,0.000000,0.210884,0.188776,0.047619,0.011905,0.092583,0.028541,0.000000
642201,Eli White,ATL,R,343,0.251478,0.038008,0.011697,0.032168,0.143285,0.032159,0.011697,0.222207,0.195898,0.049706,0.011697,0.038251,0.032955,0.002916
642708,Amed Rosario,NYY,R,579,0.195164,0.034542,0.010362,0.022452,0.184801,0.050086,0.006909,0.250432,0.183074,0.046633,0.015544,0.116923,0.032263,0.000000
642715,Willy Adames,SF,R,1487,0.255912,0.106016,0.004052,0.043891,0.119519,0.047251,0.001350,0.141122,0.217417,0.054691,0.008779,0.103685,0.029932,0.000000
642851,Austin Wynns,ATH,R,150,0.260000,0.033333,0.006667,0.040000,0.140000,0.080000,0.000000,0.200000,0.180000,0.046667,0.013334,0.096551,0.032184,0.020000
643217,Andrew Benintendi,CWS,L,1067,0.198461,0.077144,0.003763,0.037634,0.133585,0.034808,0.003760,0.191922,0.245542,0.061149,0.012231,0.076895,0.027353,0.000000
643289,Mauricio Dubón,ATL,R,924,0.122294,0.047619,0.003246,0.016234,0.172078,0.059524,0.000000,0.252165,0.248918,0.061688,0.016234,0.080658,0.020465,0.006494
643376,Danny Jansen,TEX,R,725,0.228966,0.115862,0.009655,0.034482,0.111724,0.038621,0.000000,0.135173,0.253793,0.063448,0.008276,0.107034,0.021661,0.001379
643396,Isiah Kiner-Falefa,BOS,R,979,0.164454,0.035751,0.015322,0.010214,0.188968,0.039837,0.006129,0.290092,0.183861,0.046987,0.018386,0.075985,0.013288,0.008172
643446,Jeff McNeil,ATH,L,1011,0.141132,0.086480,0.016902,0.023862,0.138149,0.049703,0.004972,0.217700,0.245549,0.061634,0.013920,0.052051,0.022290,0.002967
645277,Ozzie Albies,ATL,R,1218,0.148024,0.072369,0.007402,0.026314,0.153779,0.042767,0.002467,0.207234,0.261519,0.064968,0.013158,0.063410,0.028173,0.000000
645302,Victor Robles,SEA,R,422,0.194313,0.056872,0.033175,0.011848,0.180095,0.059242,0.002370,0.208531,0.191943,0.047393,0.014218,0.053191,0.049505,0.014218
646240,Rafael Devers,SF,L,1443,0.260410,0.113623,0.006352,0.047283,0.125616,0.048696,0.003529,0.191953,0.151727,0.038108,0.012702,0.119963,0.037613,0.000000
647304,Josh Naylor,SEA,L,1346,0.155125,0.076806,0.008282,0.038396,0.150595,0.042161,0.000753,0.260554,0.201063,0.049699,0.016566,0.108214,0.027275,0.000000
650333,Luis Arraez,SF,L,1462,0.039751,0.041807,0.006855,0.008226,0.223441,0.043868,0.007537,0.287871,0.257711,0.064428,0.018506,0.066904,0.025583,0.010944
650402,Gleyber Torres,DET,R,1417,0.184897,0.122795,0.004940,0.023288,0.159492,0.035286,0.000000,0.191249,0.212421,0.053634,0.011998,0.065952,0.045312,0.001411
650489,Willi Castro,COL,R,1191,0.252096,0.082353,0.026892,0.021008,0.136975,0.045378,0.006723,0.182354,0.187398,0.047059,0.011765,0.086471,0.014103,0.001679
650490,Yandy Díaz,TB,R,1386,0.145444,0.080320,0.013018,0.031835,0.187403,0.044866,0.002893,0.281486,0.156294,0.038351,0.018090,0.062965,0.033528,0.000000
650859,Luis Rengifo,MIL,R,925,0.173345,0.056330,0.007577,0.016235,0.173219,0.040146,0.004329,0.288296,0.177675,0.044425,0.018425,0.052913,0.014611,0.002162
650968,Yohel Pozo,STL,R,186,0.118280,0.037634,0.000000,0.026882,0.139785,0.043011,0.000000,0.290322,0.263441,0.064516,0.016129,0.128083,0.016129,0.000000
655316,Andruw Monasterio,BOS,R,303,0.250825,0.095709,0.009901,0.016501,0.135313,0.052805,0.000000,0.148515,0.224423,0.056105,0.009901,0.083226,0.000000,0.000000
656305,Matt Chapman,SF,R,1295,0.238580,0.108447,0.009296,0.038733,0.120049,0.052673,0.004645,0.178145,0.189786,0.048027,0.011618,0.097388,0.019217,0.000000
656484,Tristan Gray,MIN,L,159,0.295598,0.081761,0.000000,0.031447,0.113207,0.050315,0.000000,0.176101,0.194968,0.050315,0.006289,0.000000,0.085041,0.012579
656537,Derek Hill,CWS,R,354,0.330509,0.062146,0.014124,0.028249,0.144068,0.028249,0.005649,0.194915,0.146893,0.033898,0.011300,0.100549,0.015309,0.014124
656555,Rhys Hoskins,CLE,R,915,0.291195,0.109878,0.013190,0.041768,0.112095,0.039539,0.001099,0.130781,0.202207,0.050555,0.007694,0.153902,0.051636,0.000000
656582,Connor Joe,SEA,R,502,0.225548,0.099802,0.013972,0.017964,0.119762,0.051897,0.001996,0.201591,0.203595,0.051897,0.011976,0.097059,0.031063,0.000000
656716,Zach McKinstry,DET,L,906,0.217678,0.082873,0.009946,0.019889,0.132598,0.043095,0.017680,0.202208,0.208840,0.051933,0.013259,0.050746,0.029578,0.001104
656775,Cedric Mullins,TB,L,1089,0.223241,0.086725,0.010146,0.034136,0.117166,0.037826,0.003691,0.155910,0.257359,0.064572,0.009228,0.029448,0.028328,0.004591
656811,Ryan O'Hearn,PIT,L,1145,0.168840,0.099407,0.008790,0.033431,0.167990,0.040455,0.003516,0.214607,0.198756,0.050133,0.014074,0.091896,0.035922,0.000000
656941,Kyle Schwarber,PHI,L,1532,0.286442,0.149133,0.013136,0.066360,0.099883,0.032195,0.001315,0.143259,0.159001,0.040077,0.009201,0.041901,0.029778,0.000000
656976,Pavin Smith,AZ,L,454,0.276549,0.132743,0.000000,0.037611,0.121681,0.061947,0.002212,0.172566,0.146018,0.037611,0.011062,0.132530,0.060241,0.000000
657041,Lane Thomas,KC,R,724,0.269710,0.092664,0.011065,0.026281,0.118952,0.041494,0.004149,0.167359,0.206085,0.052558,0.009682,0.086961,0.037648,0.000000
657136,Connor Wong,BOS,R,701,0.234284,0.061430,0.017142,0.018572,0.164286,0.054281,0.001429,0.210003,0.181430,0.044287,0.012857,0.088648,0.025165,0.002853
657656,Ramón Laureano,SD,R,897,0.265627,0.060268,0.016743,0.043527,0.148437,0.051340,0.003349,0.179686,0.175221,0.043526,0.012276,0.098888,0.025880,0.000000
657757,Gavin Sheets,SD,L,1130,0.206739,0.076315,0.007986,0.027504,0.136651,0.055007,0.001775,0.192543,0.226269,0.056789,0.012422,0.065527,0.021772,0.000000
660162,Yoán Moncada,LAA,R,430,0.284360,0.125846,0.025637,0.032638,0.100246,0.037308,0.009321,0.170167,0.163191,0.039633,0.011652,0.102595,0.021763,0.000000
660271,Shohei Ohtani,LAD,L,1581,0.244977,0.115369,0.008432,0.074522,0.128326,0.042118,0.010367,0.160073,0.163965,0.041479,0.010371,0.076362,0.034634,0.000000
660670,Ronald Acuña Jr.,ATL,R,755,0.235715,0.146481,0.007993,0.034629,0.151810,0.034614,0.002664,0.190405,0.146435,0.037271,0.011982,0.059775,0.012273,0.000000
660688,Keibert Ruiz,WSH,R,798,0.107769,0.030075,0.010025,0.021303,0.155389,0.043860,0.000000,0.266917,0.278195,0.070175,0.016291,0.083845,0.028581,0.000000
660821,Jesús Sánchez,TOR,L,1114,0.240546,0.075680,0.009004,0.031530,0.143244,0.045943,0.004505,0.227935,0.164859,0.041441,0.015314,0.080962,0.017624,0.000898
660844,Leo Rivas,SEA,R,279,0.272401,0.150537,0.007169,0.007169,0.150538,0.010753,0.010753,0.179211,0.157706,0.043011,0.010753,0.075657,0.000000,0.007169
661388,William Contreras,MIL,R,1434,0.192537,0.117369,0.004215,0.029511,0.153895,0.051313,0.001405,0.238889,0.156751,0.039364,0.014751,0.089970,0.032902,0.000000
662139,Daulton Varsho,TOR,L,881,0.258723,0.083250,0.005696,0.045604,0.098060,0.044482,0.010253,0.150604,0.234905,0.058153,0.010271,0.022201,0.023398,0.001135
663330,Jahmai Jones,DET,R,217,0.259228,0.087983,0.023153,0.037045,0.115767,0.055568,0.009262,0.138875,0.208313,0.055546,0.009262,0.095392,0.000000,0.004608
663368,Blake Perkins,MIL,R,665,0.259034,0.094877,0.006024,0.013556,0.149103,0.034637,0.006024,0.195786,0.183730,0.045180,0.012049,0.066880,0.040221,0.003008
663457,Lars Nootbaar,STL,L,988,0.201424,0.112920,0.007121,0.025432,0.135300,0.042726,0.004069,0.202442,0.204476,0.050865,0.013225,0.066038,0.023904,0.002024
663538,Nico Hoerner,CHC,R,1407,0.090391,0.069746,0.016369,0.011388,0.192174,0.054090,0.003559,0.245556,0.240570,0.060498,0.015658,0.038745,0.021295,0.000000
663584,Hayden Senger,NYM,R,78,0.282051,0.038462,0.012821,0.000000,0.153846,0.012821,0.000000,0.230769,0.205128,0.051282,0.012821,0.157895,0.050000,0.012821
663586,Austin Riley,ATL,R,1025,0.263675,0.076168,0.007813,0.034181,0.145507,0.048829,0.002929,0.154298,0.205076,0.050781,0.010742,0.100618,0.011564,0.000000
663604,Brandon Lockridge,MIL,R,229,0.235808,0.061135,0.004367,0.004367,0.174672,0.039301,0.004367,0.292576,0.126637,0.034934,0.021834,0.028717,0.049833,0.021834
663609,Luken Baker,AZ,R,92,0.250000,0.152174,0.000000,0.021739,0.086957,0.043478,0.010870,0.152174,0.217391,0.054348,0.010870,0.263768,0.079130,0.000000
663616,Trevor Larnach,MIN,L,1021,0.213704,0.099604,0.006891,0.032515,0.147749,0.044357,0.000984,0.199982,0.193122,0.048295,0.012797,0.163317,0.032796,0.000000
663624,Ryan Mountcastle,BAL,R,891,0.242424,0.049383,0.005611,0.022447,0.164983,0.053872,0.002245,0.218855,0.180696,0.046016,0.013468,0.111520,0.059654,0.000000
663647,Ke'Bryan Hayes,CIN,R,1038,0.185337,0.059845,0.008688,0.008688,0.171822,0.024133,0.002896,0.255795,0.214267,0.053085,0.015445,0.084609,0.018871,0.000963
663656,Kyle Tucker,LAD,L,1047,0.161769,0.145341,0.004849,0.045567,0.142401,0.038778,0.003879,0.163767,0.225821,0.057175,0.010653,0.072235,0.024575,0.000955
663697,Jonathan India,KC,R,1294,0.195518,0.113601,0.023957,0.021638,0.135240,0.044049,0.001546,0.196291,0.204791,0.051005,0.012365,0.095345,0.027210,0.002319
663698,Joey Bart,PIT,R,644,0.277950,0.099378,0.021739,0.026397,0.156833,0.035715,0.001553,0.212733,0.124224,0.029503,0.013975,0.149785,0.010037,0.000000
663728,Cal Raleigh,SEA,R,1448,0.284472,0.112110,0.010518,0.067306,0.098829,0.030832,0.000000,0.117720,0.217239,0.053962,0.007012,0.073302,0.023254,0.000000
663743,Nick Fortes,TB,R,651,0.149001,0.041475,0.019969,0.016897,0.152074,0.047619,0.001536,0.258064,0.236559,0.059908,0.016897,0.094829,0.030655,0.013825
663757,Trent Grisham,NYY,L,887,0.239555,0.141232,0.009040,0.048594,0.109608,0.021469,0.003387,0.180788,0.187569,0.046329,0.012429,0.081784,0.014535,0.001127
663837,Matt Vierling,DET,R,708,0.219234,0.066481,0.008487,0.026873,0.145690,0.046676,0.007072,0.193777,0.217818,0.055161,0.012731,0.082826,0.045580,0.000000
663853,Romy Gonzalez,BOS,R,557,0.250000,0.052158,0.007194,0.026978,0.174460,0.059353,0.007194,0.235612,0.138489,0.034173,0.014388,0.093525,0.093750,0.000000
663886,Tyler Stephenson,CIN,R,929,0.273221,0.098265,0.010801,0.038875,0.126354,0.047523,0.001080,0.192238,0.159814,0.039951,0.011880,0.082994,0.033420,0.000000
663968,Jake Mangum,PIT,R,491,0.156822,0.046844,0.004073,0.006110,0.221996,0.040733,0.002037,0.315682,0.146639,0.038697,0.020367,0.024764,0.010623,0.006110
663993,Nathaniel Lowe,CIN,L,1206,0.239406,0.109727,0.004988,0.028264,0.148796,0.034910,0.003325,0.211134,0.164588,0.041562,0.013301,0.056017,0.036365,0.000000
664023,Ian Happ,CHC,R,1419,0.252108,0.123588,0.005650,0.039545,0.117236,0.049436,0.001412,0.165962,0.187151,0.047317,0.010593,0.068092,0.020847,0.000000
664034,Ty France,SD,R,1049,0.191794,0.058206,0.032444,0.019084,0.151719,0.046756,0.000000,0.248090,0.188931,0.047709,0.015267,0.098491,0.032279,0.000000
664040,Brandon Lowe,PIT,L,1080,0.261847,0.077982,0.006501,0.053853,0.129996,0.038998,0.002786,0.180132,0.188484,0.047353,0.012069,0.062690,0.031666,0.000000
664056,Harrison Bader,SF,R,1036,0.251206,0.060871,0.018358,0.029952,0.146865,0.043479,0.000966,0.204825,0.184540,0.045411,0.013526,0.064930,0.046172,0.000000
664059,Sam Haggerty,TEX,R,212,0.223743,0.076216,0.009527,0.009527,0.161864,0.033344,0.014290,0.238173,0.176155,0.042871,0.014290,0.018245,0.000000,0.004717
664068,Scott Kingery,CHC,R,29,0.379310,0.068966,0.000000,0.000000,0.103448,0.034483,0.000000,0.275862,0.068966,0.034483,0.034483,0.111111,0.000000,0.000000
664238,Dylan Moore,PHI,R,698,0.302724,0.109036,0.021521,0.030130,0.093258,0.040173,0.005739,0.123388,0.212337,0.053085,0.008609,0.096845,0.043278,0.001432
664702,Myles Straw,TOR,R,332,0.156626,0.063253,0.003012,0.012048,0.186747,0.042169,0.003012,0.225903,0.234940,0.060241,0.012048,0.064312,0.010125,0.033132
664728,Kyle Isbel,KC,L,910,0.195604,0.060440,0.008791,0.017582,0.161539,0.034066,0.013187,0.261538,0.184615,0.046154,0.016483,0.042750,0.023783,0.025274
664731,P.J. Higgins,CIN,R,6,0.333333,0.000000,0.000000,0.000000,0.000000,0.000000,0.000000,0.333333,0.333333,0.000000,0.000000,0.000000,0.000000,0.000000
664761,Alec Bohm,PHI,R,1214,0.150164,0.061881,0.010726,0.023102,0.170797,0.052808,0.004125,0.266497,0.193893,0.048680,0.017327,0.105152,0.041027,0.000000
664770,Nathan Lukes,TOR,L,575,0.134377,0.083776,0.005230,0.022692,0.150099,0.040146,0.006982,0.272243,0.214649,0.054097,0.015709,0.090730,0.051008,0.015653
664954,Brett Sullivan,COL,L,61,0.213114,0.065574,0.016394,0.016394,0.180328,0.032787,0.000000,0.131148,0.278688,0.065574,0.000000,0.000000,0.043033,0.000000
664983,Jake McCarthy,COL,L,785,0.168365,0.056122,0.022959,0.015307,0.163271,0.030610,0.015307,0.290818,0.174741,0.043367,0.019132,0.024636,0.023769,0.017834
665019,Kody Clemens,MIN,L,562,0.253110,0.076640,0.010696,0.046347,0.094476,0.037437,0.008914,0.176473,0.228168,0.057043,0.010696,0.056446,0.012340,0.003558
665052,Griffin Conine,MIA,L,200,0.295000,0.075000,0.010000,0.035000,0.140000,0.060000,0.005000,0.235000,0.105000,0.025000,0.015000,0.020000,0.000000,0.000000
665161,Jeremy Peña,HOU,R,1274,0.169160,0.049566,0.020458,0.025179,0.178602,0.051925,0.003147,0.249413,0.188822,0.047205,0.016522,0.070701,0.027028,0.003139
665487,Fernando Tatis Jr.,SD,R,1251,0.206577,0.102892,0.010454,0.036988,0.149529,0.043407,0.002412,0.222673,0.168799,0.041799,0.014469,0.047313,0.025596,0.001599
665489,Vladimir Guerrero Jr.,TOR,R,1488,0.137270,0.100425,0.008886,0.037554,0.177617,0.056008,0.000682,0.252054,0.170766,0.042344,0.016394,0.084003,0.025592,0.000000
665561,Rafael Marchán,PHI,R,206,0.150485,0.063107,0.019417,0.033981,0.116505,0.038835,0.000000,0.252427,0.247573,0.063107,0.014563,0.034160,0.017081,0.009708
665742,Juan Soto,NYM,L,1462,0.181315,0.168166,0.004844,0.058824,0.128720,0.036678,0.003460,0.212457,0.153633,0.038062,0.013841,0.082569,0.036101,0.000684
665750,Leody Taveras,BAL,R,743,0.231494,0.074024,0.000000,0.020188,0.148049,0.034993,0.005384,0.192463,0.226111,0.055182,0.012113,0.051969,0.023537,0.010768
665804,Miguel Amaya,CHC,R,511,0.183953,0.066536,0.009785,0.027397,0.142857,0.046967,0.003914,0.234834,0.215264,0.052838,0.015656,0.038043,0.029040,0.011742
665828,Oswaldo Cabrera,NYY,R,448,0.196429,0.071429,0.006696,0.020089,0.169643,0.033482,0.000000,0.234375,0.200893,0.051339,0.015625,0.062500,0.035398,0.006696
665833,Oneil Cruz,PIT,L,1254,0.311886,0.089211,0.007239,0.039402,0.124633,0.045823,0.004821,0.194523,0.135034,0.034565,0.012863,0.053968,0.042214,0.000000
665862,Jazz Chisholm Jr.,NYY,L,1250,0.266067,0.089235,0.009644,0.044221,0.136664,0.033757,0.004020,0.190514,0.170413,0.042605,0.012860,0.035673,0.022747,0.000800
665877,José Fermín,STL,R,157,0.146497,0.095541,0.012739,0.006370,0.133757,0.038216,0.006370,0.267516,0.216561,0.057325,0.019109,0.064119,0.012739,0.006370
665923,Esteury Ruiz,MIA,R,88,0.318182,0.068182,0.022727,0.034091,0.102273,0.022727,0.011364,0.159091,0.204545,0.045455,0.011364,0.066667,0.090909,0.022727
665926,Andrés Giménez,TOR,L,1105,0.159422,0.051629,0.023552,0.018115,0.166666,0.029893,0.003623,0.268115,0.209240,0.052536,0.017210,0.060585,0.031098,0.004525
665953,Andrés Chaparro,WSH,R,212,0.226415,0.061321,0.023585,0.023585,0.094340,0.070755,0.000000,0.202830,0.226415,0.056604,0.014151,0.065217,0.016667,0.000000
665966,Carlos Narváez,BOS,R,520,0.250000,0.080770,0.001923,0.028846,0.134615,0.051923,0.000000,0.213461,0.178846,0.044231,0.015385,0.103529,0.017255,0.007692
666018,Jonathan Aranda,TB,L,682,0.235664,0.092774,0.014734,0.038287,0.164970,0.051547,0.000000,0.163490,0.182573,0.045646,0.010314,0.110514,0.049209,0.000000
666023,Freddy Fermin,SD,R,773,0.190653,0.057068,0.005189,0.014269,0.181590,0.040205,0.000000,0.243839,0.202334,0.049288,0.015566,0.074804,0.015441,0.010350
666126,Carlos Cortes,ATH,L,132,0.166667,0.075757,0.000000,0.037879,0.159091,0.090909,0.007576,0.234848,0.166666,0.045455,0.015151,0.119529,0.067879,0.000000
666139,Josh Lowe,LAA,L,905,0.292202,0.075551,0.005551,0.026661,0.122244,0.046673,0.004446,0.178901,0.189989,0.046667,0.011114,0.051893,0.018932,0.003315
666149,Tyler Fitzgerald,TOR,R,584,0.304795,0.066781,0.010274,0.032534,0.143836,0.049658,0.005137,0.147260,0.184932,0.046233,0.008562,0.054945,0.014815,0.010274
666152,David Hamilton,MIL,L,587,0.230566,0.090820,0.006868,0.023894,0.141899,0.035841,0.003413,0.189808,0.210207,0.052989,0.013695,0.034196,0.000000,0.011925
666158,Gavin Lux,TB,L,990,0.226263,0.101010,0.002020,0.015152,0.160606,0.052525,0.004040,0.221212,0.162626,0.040404,0.014141,0.047210,0.014925,0.000000
666160,Mickey Moniak,COL,L,933,0.252147,0.047210,0.006438,0.047208,0.133048,0.039701,0.010730,0.168455,0.227466,0.056866,0.010730,0.053903,0.022021,0.000000
666176,Jo Adell,LAA,R,1136,0.263504,0.061019,0.017680,0.052175,0.129055,0.029185,0.002653,0.178606,0.203353,0.051278,0.011493,0.088218,0.014033,0.000000
666181,Will Benson,CIN,L,700,0.343349,0.085836,0.004292,0.037198,0.092989,0.041488,0.008582,0.151647,0.178824,0.045778,0.010015,0.061376,0.051660,0.001429
666182,Bo Bichette,NYM,R,1092,0.169868,0.058769,0.005511,0.020205,0.175387,0.058774,0.001837,0.258036,0.188251,0.046833,0.016529,0.103620,0.027654,0.000000
666185,Dylan Carlson,CHC,R,510,0.256863,0.084314,0.013725,0.017647,0.131373,0.031373,0.001961,0.186275,0.211765,0.052941,0.011765,0.049505,0.029630,0.000000
666310,Bo Naylor,CLE,L,872,0.272103,0.092996,0.003445,0.031000,0.099885,0.036741,0.003445,0.163028,0.229619,0.057405,0.010333,0.070660,0.032225,0.005734
666397,Edouard Julien,COL,L,568,0.315141,0.103873,0.007042,0.019366,0.137324,0.036972,0.000000,0.200704,0.133803,0.033451,0.012324,0.057556,0.010505,0.001760
666464,Jerar Encarnacion,SF,R,213,0.258216,0.028169,0.000000,0.032863,0.150235,0.046949,0.000000,0.291080,0.140845,0.037558,0.014085,0.047110,0.026788,0.000000
666624,Christopher Morel,MIA,R,916,0.293538,0.090909,0.013143,0.035049,0.113910,0.029573,0.003286,0.176342,0.186199,0.047097,0.010953,0.134503,0.023474,0.000000
666931,Jared Oliva,SF,R,6,0.000000,0.000000,0.000000,0.000000,0.333333,0.000000,0.000000,0.666667,0.000000,0.000000,0.000000,0.400000,0.000000,0.000000
666969,Adolis García,PHI,R,1290,0.264179,0.059828,0.010875,0.037296,0.124320,0.045844,0.000000,0.174829,0.217559,0.054391,0.010879,0.086892,0.042826,0.000000
666971,Lourdes Gurriel Jr.,AZ,R,1099,0.161202,0.053734,0.010929,0.033698,0.163934,0.041894,0.003643,0.204007,0.251366,0.062842,0.012750,0.113445,0.040580,0.000000
667472,Dane Myers,CIN,R,481,0.247402,0.068607,0.010395,0.018711,0.168399,0.033264,0.002079,0.199584,0.191268,0.047817,0.012474,0.139713,0.026871,0.000000
667670,Brent Rooker,ATH,R,1362,0.257945,0.090170,0.007391,0.052476,0.138950,0.048780,0.003695,0.155211,0.188470,0.047302,0.009608,0.089686,0.025078,0.000000
668227,Randy Arozarena,SEA,R,1470,0.259541,0.102859,0.036784,0.032698,0.115801,0.048365,0.000682,0.177790,0.170983,0.042916,0.011580,0.058174,0.028417,0.000000
668670,Jake Rogers,DET,R,505,0.293645,0.071432,0.011901,0.025795,0.093259,0.045634,0.005953,0.194450,0.196423,0.049602,0.011905,0.085130,0.032748,0.001981
668709,JJ Bleday,CIN,L,986,0.219959,0.100815,0.002037,0.034623,0.107943,0.061100,0.004073,0.172098,0.229124,0.057026,0.011202,0.077778,0.003559,0.001014
668715,Spencer Steer,CIN,R,1317,0.221883,0.096505,0.009879,0.033434,0.118542,0.046353,0.004559,0.174013,0.227203,0.056231,0.011397,0.069594,0.015847,0.000759
668723,Ryan Vilade,TB,R,86,0.313953,0.069768,0.000000,0.011628,0.116279,0.000000,0.000000,0.255814,0.174419,0.046512,0.011628,0.113751,0.058140,0.011628
668731,Akil Baddoo,MIL,L,100,0.320000,0.090000,0.000000,0.020000,0.050000,0.030000,0.020000,0.180000,0.220000,0.060000,0.010000,0.000000,0.035714,0.000000
668804,Bryan Reynolds,PIT,R,1463,0.247427,0.086355,0.011654,0.030841,0.150787,0.047297,0.004113,0.215906,0.153529,0.038383,0.013707,0.071729,0.028583,0.000000
668885,Austin Martin,MIN,R,513,0.171540,0.115010,0.013645,0.003898,0.169590,0.052632,0.003898,0.228070,0.181286,0.046784,0.013645,0.098016,0.000000,0.007798
668901,Mark Vientos,NYM,R,987,0.267477,0.067882,0.008105,0.046606,0.135765,0.047619,0.002026,0.202634,0.168186,0.041540,0.012158,0.090271,0.052475,0.000000
668904,Royce Lewis,MIN,R,773,0.215305,0.076524,0.001297,0.040208,0.127108,0.046693,0.000000,0.176394,0.243839,0.060960,0.011673,0.089655,0.029787,0.000000
668930,Brice Turang,MIL,L,1376,0.201179,0.095535,0.002914,0.019679,0.171965,0.043755,0.005840,0.228090,0.172732,0.043001,0.015310,0.039673,0.026935,0.006541
668939,Adley Rutschman,BAL,R,1076,0.160299,0.097853,0.002796,0.026098,0.142595,0.043791,0.002796,0.206896,0.243247,0.060578,0.013049,0.071859,0.027449,0.000000
668952,Ryan Kreidler,MIN,R,113,0.345133,0.088495,0.000000,0.008849,0.088495,0.000000,0.000000,0.221239,0.185840,0.044248,0.017699,0.091327,0.000000,0.017699
669003,Garrett Mitchell,MIL,L,377,0.331565,0.119363,0.005305,0.026525,0.122016,0.058355,0.010610,0.188329,0.100796,0.026525,0.010610,0.012452,0.020850,0.013262
669004,MJ Melendez,NYM,L,516,0.264591,0.071984,0.009728,0.035019,0.085603,0.048638,0.005837,0.198444,0.214008,0.052529,0.013619,0.027523,0.000000,0.000000
669016,Brandon Marsh,PHI,L,995,0.290031,0.091647,0.002014,0.030211,0.151059,0.048338,0.005036,0.175222,0.156090,0.039275,0.011077,0.031692,0.056504,0.004020
669065,Kyle Stowers,MIA,L,666,0.300151,0.087481,0.012066,0.042232,0.135747,0.048265,0.007541,0.173454,0.146305,0.036199,0.010558,0.065574,0.041322,0.001502
669127,Shea Langeliers,ATH,R,1160,0.242860,0.069146,0.005187,0.060498,0.124457,0.045809,0.001729,0.178925,0.208294,0.051858,0.011238,0.138039,0.036766,0.000000
669134,Luis Campusano,SD,R,359,0.178273,0.075209,0.002786,0.025069,0.122563,0.055710,0.000000,0.289694,0.186630,0.047353,0.016713,0.117602,0.011308,0.000000
669200,Mason McCoy,SD,R,83,0.313253,0.096386,0.012048,0.000000,0.120482,0.036145,0.000000,0.240964,0.132530,0.036145,0.012048,0.095238,0.000000,0.036145
669208,Ryan Bliss,SEA,R,112,0.312500,0.080357,0.008929,0.026786,0.116071,0.035714,0.008929,0.214286,0.142857,0.035714,0.017857,0.115385,0.000000,0.017857
669221,Sean Murphy,ATL,R,601,0.287145,0.100167,0.018364,0.043406,0.096828,0.030050,0.001669,0.230384,0.141903,0.035058,0.015025,0.108844,0.037736,0.000000
669224,Austin Wells,NYY,L,935,0.243615,0.091218,0.010719,0.036445,0.108369,0.045047,0.002144,0.173861,0.222071,0.055792,0.010719,0.133005,0.069074,0.001070
669234,Justyn-Henry Malloy,TB,R,357,0.327731,0.120448,0.011204,0.025210,0.114846,0.036415,0.002801,0.137255,0.173669,0.042017,0.008403,0.057692,0.051948,0.000000
669236,Jeremiah Jackson,BAL,R,247,0.271254,0.044534,0.016195,0.020243,0.174089,0.040485,0.008097,0.222672,0.149798,0.036437,0.016195,0.168753,0.044501,0.000000
669242,Tommy Edman,LAD,R,530,0.171698,0.056604,0.013208,0.035849,0.135849,0.033962,0.003774,0.262264,0.215094,0.054717,0.016981,0.040541,0.048951,0.001887
669257,Will Smith,LAD,R,1067,0.196233,0.109441,0.013212,0.038678,0.149042,0.041522,0.002831,0.146225,0.235835,0.058488,0.008493,0.097581,0.042026,0.000000
669289,Santiago Espinal,LAD,R,735,0.128066,0.059947,0.004087,0.012262,0.177113,0.034058,0.000000,0.231605,0.271118,0.066758,0.014986,0.110929,0.024091,0.009524
669326,Bryce Teodosio,LAA,R,180,0.327778,0.027778,0.022222,0.005555,0.116667,0.038889,0.011111,0.233333,0.166667,0.038889,0.011111,0.061111,0.052470,0.016667
669357,Nolan Gorman,STL,L,894,0.349763,0.099001,0.001123,0.041623,0.109156,0.032593,0.001123,0.123786,0.186722,0.047242,0.007867,0.026138,0.038608,0.000000
669364,Xavier Edwards,MIA,R,1038,0.148796,0.085991,0.002899,0.005795,0.220289,0.036713,0.012557,0.245415,0.180677,0.045410,0.015459,0.029793,0.029918,0.005780
669369,Bryce Johnson,SD,R,175,0.234285,0.068571,0.011428,0.005714,0.182857,0.045715,0.000000,0.262857,0.137143,0.034286,0.017143,0.039524,0.000000,0.034286
669394,Jake Burger,TEX,R,1059,0.260167,0.040683,0.015137,0.046358,0.139074,0.043516,0.001892,0.199616,0.192062,0.048251,0.013244,0.087022,0.027004,0.000000
669397,Nick Allen,HOU,R,545,0.229358,0.073395,0.005505,0.001835,0.163303,0.027523,0.000000,0.247706,0.190826,0.045871,0.014679,0.055489,0.023102,0.020184
669477,Casey Schmitt,SF,R,524,0.240911,0.065011,0.019115,0.034422,0.139578,0.049700,0.001912,0.160617,0.223719,0.055453,0.009562,0.088011,0.026717,0.001909
669701,Josh Smith,TEX,L,1239,0.189477,0.087446,0.021055,0.018626,0.154658,0.042920,0.002430,0.204864,0.212131,0.053437,0.012957,0.033131,0.012485,0.004035
669707,Jared Triolo,PIT,R,848,0.234947,0.096812,0.009445,0.018890,0.138135,0.034238,0.003542,0.192444,0.207792,0.051948,0.011806,0.063584,0.027273,0.003538
669720,Austin Hays,CWS,R,704,0.254286,0.050000,0.012857,0.030000,0.152857,0.050000,0.007143,0.194286,0.188571,0.047143,0.012857,0.075862,0.048485,0.001420
669743,Alex Call,LAD,R,459,0.161220,0.117647,0.017429,0.017429,0.169934,0.056645,0.004357,0.220044,0.176471,0.045752,0.013072,0.074198,0.039348,0.013072
670042,Luke Raley,SEA,L,753,0.306773,0.066401,0.047809,0.042497,0.116865,0.039840,0.002656,0.196547,0.135458,0.033200,0.011952,0.025012,0.023410,0.006640
670156,Miles Mastrobuoni,SEA,L,281,0.163701,0.085409,0.000000,0.003559,0.174377,0.024911,0.000000,0.288256,0.192171,0.049822,0.017794,0.034884,0.029412,0.017794
670224,Kameron Misner,KC,L,232,0.340517,0.068966,0.004310,0.021552,0.120690,0.038793,0.004310,0.168103,0.176724,0.043103,0.012931,0.023810,0.039216,0.004310
670231,John Rave,KC,L,175,0.262857,0.102857,0.005714,0.022857,0.120000,0.028571,0.000000,0.257143,0.148571,0.034286,0.017143,0.020833,0.031250,0.011429
670242,Matt Wallner,MIN,L,769,0.342003,0.101430,0.031209,0.053316,0.087126,0.048114,0.005202,0.126138,0.157347,0.040312,0.007803,0.067983,0.019208,0.000000
670541,Yordan Alvarez,HOU,L,954,0.153433,0.102873,0.017381,0.054132,0.154512,0.051891,0.002157,0.151319,0.243155,0.060519,0.008627,0.114982,0.042998,0.000000
670623,Isaac Paredes,HOU,R,1151,0.171451,0.113144,0.026975,0.033945,0.129681,0.041772,0.001741,0.155794,0.252391,0.063532,0.009574,0.152081,0.022166,0.000000
670764,Taylor Walls,TB,R,593,0.237774,0.096122,0.001686,0.008432,0.126476,0.035413,0.006745,0.187183,0.231028,0.057336,0.011805,0.033962,0.053257,0.006745
670770,TJ Friedl,CIN,L,1145,0.172052,0.107424,0.024454,0.023581,0.154585,0.023581,0.002620,0.201746,0.220961,0.055895,0.013100,0.033012,0.028069,0.005240
671056,Iván Herrera,STL,R,828,0.185499,0.106431,0.025668,0.029214,0.170733,0.037894,0.001217,0.239481,0.151363,0.037841,0.014660,0.121103,0.052087,0.000000
671213,Triston Casas,BOS,L,355,0.297994,0.100287,0.008596,0.045845,0.120344,0.031519,0.000000,0.200573,0.146132,0.037249,0.011461,0.121622,0.000000,0.000000
671218,Heliot Ramos,SF,R,1315,0.254750,0.067891,0.014494,0.032803,0.160182,0.037379,0.003052,0.196795,0.175446,0.044242,0.012967,0.102173,0.034275,0.000000
671277,Luis García Jr.,WSH,L,1142,0.157161,0.046534,0.001756,0.031608,0.166812,0.051798,0.003510,0.275680,0.197539,0.050042,0.017558,0.056983,0.035678,0.000000
671286,Johnathan Rodríguez,BAL,R,117,0.307692,0.128205,0.000000,0.017094,0.085470,0.042735,0.008547,0.290598,0.085470,0.017094,0.017094,0.083333,0.000000,0.000000
671289,Tyler Freeman,COL,R,841,0.127381,0.072621,0.040474,0.010715,0.164283,0.040477,0.003571,0.273809,0.200002,0.050000,0.016667,0.106531,0.033132,0.008324
671655,George Valera,CLE,L,48,0.270833,0.145833,0.000000,0.041667,0.104167,0.041667,0.000000,0.229167,0.125000,0.020833,0.020833,0.083333,0.000000,0.000000
671732,Lawrence Butler,ATH,L,1163,0.264832,0.088565,0.000000,0.038693,0.129837,0.048151,0.003440,0.212381,0.160791,0.039552,0.013758,0.067298,0.017014,0.001720
671739,Michael Harris II,ATL,L,1160,0.199482,0.033679,0.006045,0.031952,0.164940,0.035406,0.007772,0.273748,0.183938,0.045769,0.017271,0.038576,0.037594,0.003448
671976,Tristan Peters,CWS,L,86,0.372093,0.069767,0.000000,0.000000,0.162791,0.023256,0.000000,0.116279,0.197674,0.058140,0.000000,0.000000,0.000000,0.000000
672012,Tyler Black,MIL,L,70,0.257143,0.171429,0.014286,0.000000,0.128571,0.042857,0.000000,0.142857,0.185714,0.042857,0.014286,0.000000,0.000000,0.000000
672016,Denzel Clarke,ATH,R,225,0.382222,0.048889,0.013333,0.013333,0.133333,0.035556,0.008889,0.204444,0.115556,0.031111,0.013333,0.021538,0.000000,0.017778
672275,Patrick Bailey,SF,R,978,0.250511,0.076687,0.003068,0.014315,0.147240,0.034765,0.004090,0.199386,0.204499,0.052147,0.013293,0.099801,0.052332,0.005112
672279,Michael Siani,LAD,L,353,0.280453,0.065156,0.008499,0.005666,0.172805,0.019830,0.005666,0.274788,0.118980,0.031161,0.016997,0.019417,0.018868,0.031161
672356,Gabriel Arias,CLE,R,664,0.342383,0.051282,0.012066,0.024133,0.122172,0.052790,0.004525,0.214178,0.129713,0.033183,0.013575,0.079470,0.046296,0.001506
672386,Alejandro Kirk,TOR,R,914,0.122942,0.090011,0.003293,0.023052,0.171240,0.041712,0.001098,0.257958,0.217344,0.054885,0.016465,0.112000,0.060484,0.000000
672515,Gabriel Moreno,AZ,R,749,0.162411,0.096654,0.006706,0.018798,0.169140,0.053672,0.002685,0.204051,0.218768,0.055030,0.012085,0.097024,0.033753,0.000000
672580,Maikel Garcia,KC,R,1415,0.146290,0.083392,0.000707,0.018375,0.160424,0.052297,0.007067,0.252297,0.209894,0.053004,0.016254,0.058272,0.032198,0.004947
672640,Otto Lopez,MIA,R,1135,0.152828,0.066254,0.005298,0.020318,0.175793,0.044166,0.002648,0.275625,0.190815,0.048586,0.017667,0.065708,0.018407,0.001762
672642,Steward Berroa,PHI,R,51,0.313725,0.176471,0.000000,0.000000,0.117647,0.019608,0.000000,0.137255,0.196078,0.039216,0.000000,0.000000,0.000000,0.000000
672695,Geraldo Perdomo,AZ,R,1220,0.121412,0.120588,0.010665,0.020509,0.155868,0.047581,0.005743,0.228051,0.220673,0.054963,0.013946,0.084582,0.059631,0.013934
672724,Oswald Peraza,LAA,R,357,0.300565,0.064604,0.005620,0.022471,0.112356,0.028083,0.000000,0.244391,0.162927,0.042133,0.016851,0.086136,0.013618,0.005603
672761,Wenceel Pérez,DET,R,815,0.219632,0.077300,0.004907,0.026994,0.138650,0.040491,0.012270,0.174233,0.235583,0.058895,0.011043,0.067443,0.025099,0.002454
672820,Lenyn Sosa,CWS,R,962,0.222686,0.030178,0.007285,0.031218,0.172740,0.037460,0.001041,0.182100,0.243493,0.060353,0.011446,0.086876,0.013835,0.003119
672960,Kazuma Okamoto,TOR,R,106,0.377358,0.094339,0.000000,0.037736,0.150943,0.018868,0.000000,0.113207,0.160377,0.047170,0.000000,0.333333,0.000000,0.000000
673237,Yainer Diaz,HOU,R,1274,0.168374,0.036976,0.003147,0.028327,0.185681,0.044062,0.003147,0.287954,0.179390,0.044847,0.018096,0.095602,0.046142,0.000000
673357,Luis Robert Jr.,NYM,R,962,0.288616,0.090169,0.004199,0.033577,0.144755,0.032548,0.000000,0.172084,0.178426,0.044087,0.011539,0.108209,0.018376,0.001040
673490,Ha-Seong Kim,ATL,R,661,0.176560,0.106545,0.006088,0.024353,0.144597,0.030441,0.004566,0.199391,0.235921,0.059361,0.012177,0.071942,0.025773,0.006051
673548,Seiya Suzuki,CHC,R,1243,0.263115,0.105729,0.005650,0.042777,0.134784,0.046813,0.007264,0.129943,0.205005,0.050848,0.008071,0.111136,0.037761,0.000000
673962,Josh Jung,TEX,R,769,0.253576,0.049415,0.003901,0.027309,0.169051,0.036411,0.002601,0.206762,0.189857,0.048114,0.013004,0.076669,0.005439,0.000000
676059,Jordan Westburg,BAL,R,799,0.221527,0.048811,0.016270,0.043805,0.150188,0.045056,0.007509,0.205257,0.198999,0.050063,0.012516,0.057471,0.010050,0.001252
676356,Jonny DeLuca,TB,R,469,0.205139,0.057695,0.008548,0.017091,0.155983,0.032050,0.014959,0.196572,0.241449,0.059827,0.010685,0.010495,0.000000,0.004265
676391,Ernie Clement,TOR,R,1146,0.092662,0.033219,0.006120,0.018358,0.179193,0.055069,0.004371,0.229889,0.292833,0.073427,0.014860,0.096200,0.016671,0.007853
676439,Hunter Feduccia,TB,L,149,0.288590,0.154363,0.000000,0.000000,0.120805,0.033557,0.000000,0.154363,0.187920,0.053691,0.006712,0.037472,0.054505,0.000000
676475,Alec Burleson,STL,L,1256,0.131279,0.072903,0.005601,0.032817,0.177728,0.040028,0.001601,0.231416,0.233770,0.058443,0.014413,0.090334,0.033112,0.001592
676572,Eric Wagaman,MIN,R,588,0.198980,0.057823,0.001701,0.018707,0.153061,0.056122,0.005102,0.238095,0.204082,0.051020,0.015306,0.080537,0.033333,0.000000
676609,José Caballero,NYY,R,936,0.272726,0.082355,0.014973,0.014974,0.132622,0.047060,0.002139,0.183952,0.189306,0.048128,0.011764,0.048431,0.022396,0.007479
676694,Jake Meyers,HOU,R,937,0.204909,0.074707,0.014941,0.018143,0.161153,0.039488,0.005336,0.229456,0.189968,0.046958,0.014941,0.113537,0.031532,0.005336
676724,Jared Young,NYM,L,85,0.247059,0.070588,0.011765,0.047059,0.117647,0.058824,0.000000,0.223529,0.176471,0.035294,0.011765,0.062745,0.192941,0.000000
676914,Davis Schneider,TOR,R,727,0.298487,0.129298,0.009629,0.035763,0.104539,0.034388,0.001376,0.123796,0.203576,0.050894,0.008253,0.062795,0.031918,0.000000
677008,Heston Kjerstad,BAL,L,281,0.279570,0.050179,0.032258,0.028674,0.136201,0.025090,0.007168,0.200717,0.179211,0.046595,0.014337,0.150000,0.015873,0.000000
677347,Kyren Paris,LAA,R,199,0.385787,0.086294,0.015228,0.035533,0.081218,0.030457,0.005076,0.157360,0.152284,0.040609,0.010152,0.060606,0.000000,0.000000
677587,Brayan Rocchio,CLE,R,921,0.190225,0.084779,0.021738,0.016304,0.130435,0.041306,0.002174,0.246738,0.199997,0.049999,0.016304,0.070243,0.043987,0.008686
677588,José Tena,WSH,L,381,0.236220,0.062992,0.002625,0.007874,0.175853,0.047244,0.005249,0.254593,0.154856,0.036746,0.015748,0.071542,0.014063,0.000000
677592,Everson Pereira,CWS,R,90,0.388889,0.088889,0.000000,0.033333,0.088889,0.022222,0.000000,0.166667,0.155556,0.044444,0.011111,0.125000,0.055556,0.000000
677594,Julio Rodríguez,SEA,R,1440,0.238151,0.060067,0.013967,0.036296,0.167581,0.033503,0.002792,0.217885,0.172492,0.043299,0.013967,0.075523,0.012985,0.000000
677595,Ronny Mauricio,NYM,R,189,0.297849,0.074477,0.005320,0.031919,0.148924,0.031919,0.000000,0.202122,0.159592,0.037238,0.010640,0.125492,0.000000,0.000000
677649,Ezequiel Duran,TEX,R,544,0.237133,0.040441,0.011029,0.009191,0.167280,0.049632,0.000000,0.205883,0.213235,0.053309,0.012867,0.091514,0.013541,0.001838
677800,Wilyer Abreu,BOS,L,966,0.260156,0.082220,0.003123,0.044742,0.131085,0.060349,0.004158,0.139435,0.213332,0.053074,0.008328,0.105798,0.030861,0.001035
677870,Leo Jiménez,MIA,R,266,0.251880,0.060150,0.060150,0.018797,0.124060,0.041353,0.000000,0.206767,0.180451,0.045113,0.011278,0.128542,0.049391,0.003759
677942,Blaze Alexander,BAL,R,517,0.295937,0.075435,0.029014,0.019342,0.150870,0.040619,0.001935,0.216635,0.123791,0.032882,0.013540,0.086629,0.011953,0.007737
677950,Alek Thomas,AZ,L,654,0.241590,0.048930,0.009174,0.018348,0.136086,0.047401,0.006116,0.278288,0.155963,0.039756,0.018348,0.045796,0.032962,0.010703
677951,Bobby Witt Jr.,KC,R,1517,0.169124,0.066188,0.010687,0.036736,0.170472,0.064827,0.011355,0.166427,0.234656,0.058828,0.010699,0.065242,0.038672,0.000000
677956,Rece Hinds,CIN,R,95,0.389474,0.052632,0.010526,0.073684,0.042105,0.052632,0.010526,0.210526,0.115789,0.031579,0.010526,0.047619,0.000000,0.000000
678009,Parker Meadows,DET,L,550,0.258182,0.087273,0.003636,0.023636,0.136364,0.034545,0.016364,0.176364,0.201818,0.050909,0.010909,0.000000,0.014388,0.001818
678011,Anthony Seigler,BOS,L,73,0.219178,0.109589,0.013699,0.000000,0.150685,0.013699,0.000000,0.246575,0.191781,0.041096,0.013699,0.105263,0.058824,0.013699
678218,Brandon Valenzuela,TOR,R,23,0.434783,0.000000,0.000000,0.043478,0.130435,0.000000,0.000000,0.260870,0.130435,0.000000,0.000000,0.000000,0.000000,0.000000
678246,Miguel Vargas,CWS,R,916,0.197598,0.106987,0.012008,0.025109,0.103712,0.049127,0.004366,0.161572,0.263101,0.065502,0.010917,0.084660,0.027899,0.000000
678391,Jorbit Vivas,WSH,L,118,0.164098,0.094761,0.060285,0.008667,0.171995,0.017334,0.000000,0.275617,0.138290,0.043144,0.025809,0.000000,0.121469,0.008475
678489,Jorge Barrosa,AZ,R,153,0.274510,0.026144,0.006536,0.006536,0.058823,0.084967,0.013072,0.267974,0.196079,0.045752,0.019608,0.068783,0.073529,0.019608
678554,Curtis Mead,WSH,R,435,0.230421,0.057599,0.023044,0.013821,0.165903,0.039164,0.002304,0.175109,0.225812,0.055301,0.011522,0.137417,0.016229,0.000000
678662,Ezequiel Tovar,COL,R,1193,0.276238,0.037785,0.004198,0.031067,0.147776,0.062969,0.006717,0.157850,0.212428,0.052896,0.010075,0.090290,0.028402,0.009221
678882,Ceddanne Rafaela,BOS,R,1235,0.228526,0.037277,0.013776,0.026743,0.156399,0.047003,0.007294,0.216370,0.202593,0.051054,0.012966,0.074950,0.015968,0.004048
679529,Spencer Torkelson,DET,R,1133,0.268205,0.105654,0.013320,0.036424,0.116338,0.046184,0.001776,0.131446,0.217596,0.055063,0.007995,0.127810,0.019417,0.000000
679822,Justin Foscue,TEX,R,53,0.396226,0.037736,0.000000,0.000000,0.018868,0.037736,0.000000,0.150943,0.283019,0.075472,0.000000,0.000000,0.000000,0.000000
679845,Nick Loftin,KC,R,370,0.140541,0.094595,0.010811,0.013514,0.118919,0.037838,0.005405,0.256757,0.243243,0.062162,0.016216,0.108911,0.035398,0.005405
680474,Max Schuemann,NYY,R,672,0.229167,0.102679,0.016369,0.013393,0.139881,0.026786,0.002976,0.191964,0.211310,0.053571,0.011905,0.102190,0.028090,0.011905
680574,Matt McLain,CIN,R,701,0.281027,0.098431,0.012839,0.021398,0.138374,0.034237,0.000000,0.159772,0.195435,0.048502,0.009986,0.099773,0.023300,0.004280
680700,Richie Palacios,TB,L,408,0.197576,0.138253,0.022193,0.019742,0.153093,0.024702,0.002470,0.185206,0.197499,0.046914,0.012351,0.098294,0.020567,0.000000
680718,Addison Barger,TOR,L,750,0.251344,0.065860,0.005376,0.037634,0.108871,0.059140,0.001344,0.208333,0.198925,0.049731,0.013441,0.060606,0.021622,0.000000
680728,Adrian Del Castillo,AZ,L,246,0.353659,0.060975,0.004065,0.032521,0.162602,0.052846,0.000000,0.130081,0.154471,0.040650,0.008130,0.141968,0.038957,0.000000
680737,Michael Helman,TEX,R,120,0.200000,0.058333,0.008333,0.041667,0.108333,0.058333,0.008333,0.191667,0.250000,0.066667,0.008333,0.000000,0.000000,0.025000
680757,Steven Kwan,CLE,L,1350,0.093469,0.086794,0.007418,0.020030,0.189912,0.036350,0.002968,0.218100,0.264839,0.066025,0.014095,0.031849,0.015580,0.005185
680776,Jarren Duran,BOS,L,1513,0.233619,0.080740,0.013236,0.024488,0.135673,0.061549,0.017869,0.201854,0.174057,0.043680,0.013236,0.036896,0.018274,0.001322
680777,Ryan Jeffers,MIN,R,1013,0.202568,0.092883,0.021739,0.030633,0.133398,0.051384,0.000000,0.191702,0.211463,0.052372,0.011858,0.097629,0.026102,0.000987
680779,Henry Davis,PIT,R,471,0.284217,0.079056,0.017088,0.017103,0.094021,0.036300,0.000000,0.162373,0.241459,0.059830,0.008552,0.061339,0.035332,0.008492
680862,Willie MacIver,TEX,R,111,0.243243,0.063063,0.018018,0.027027,0.099099,0.045045,0.000000,0.279279,0.162162,0.045045,0.018018,0.030303,0.000000,0.000000
680869,Zack Gelof,ATH,R,648,0.361111,0.069444,0.006173,0.029321,0.118827,0.035494,0.003086,0.165123,0.160494,0.040123,0.010802,0.061404,0.046154,0.006173
680977,Brendan Donovan,SEA,L,1257,0.132370,0.076552,0.019137,0.023920,0.172250,0.055823,0.002392,0.236843,0.212928,0.052634,0.015151,0.025291,0.026538,0.001591
681082,Bryson Stott,PHI,L,1215,0.164056,0.090686,0.004121,0.019787,0.159934,0.035450,0.004122,0.211043,0.237429,0.059357,0.014014,0.054720,0.036046,0.001646
681198,TJ Rumfield,COL,L,102,0.205883,0.098039,0.000000,0.039216,0.205883,0.019608,0.019608,0.186274,0.166667,0.039216,0.019608,0.095276,0.095276,0.000000
681297,Colton Cowser,BAL,L,975,0.323051,0.084360,0.013376,0.041156,0.113169,0.041153,0.003087,0.190320,0.143003,0.036008,0.011318,0.072406,0.028552,0.002051
681351,Logan O'Hoppe,LAA,R,1059,0.294617,0.063267,0.013220,0.036828,0.147309,0.023608,0.001888,0.174693,0.186968,0.047215,0.010388,0.107464,0.015263,0.001888
681393,Connor Norby,MIA,R,622,0.273311,0.070740,0.017685,0.030547,0.135048,0.051447,0.001608,0.180064,0.181672,0.045016,0.012861,0.058126,0.035130,0.000000
681460,Brooks Baldwin,CWS,R,449,0.260579,0.060134,0.002227,0.028953,0.135857,0.046771,0.002227,0.182628,0.216036,0.053452,0.011136,0.114943,0.016529,0.011136
681481,Kerry Carpenter,DET,L,858,0.257573,0.059967,0.014115,0.056482,0.125890,0.041190,0.011772,0.167092,0.204727,0.050596,0.010594,0.051764,0.032942,0.000000
681508,Mickey Gasper,BOS,R,133,0.210526,0.105263,0.030075,0.015038,0.090226,0.007519,0.000000,0.203008,0.255639,0.067669,0.015038,0.068966,0.023256,0.007519
681546,James Outman,MIN,L,334,0.401198,0.089820,0.017964,0.029940,0.053892,0.026946,0.002994,0.143713,0.179641,0.044910,0.008982,0.000000,0.000000,0.000000
681624,Andy Pages,LAD,R,1167,0.230703,0.054031,0.012007,0.040308,0.165519,0.048884,0.001715,0.158663,0.222989,0.055748,0.009434,0.085939,0.030046,0.000000
681715,Heriberto Hernández,MIA,R,372,0.241935,0.112903,0.008064,0.026881,0.139785,0.032258,0.008064,0.188172,0.182796,0.045699,0.013441,0.084741,0.048096,0.000000
681807,David Fry,CLE,R,584,0.266414,0.093383,0.019038,0.038075,0.124572,0.041517,0.001731,0.155760,0.198954,0.050171,0.010384,0.161530,0.027890,0.000000
681909,Justin Dean,CHC,R,2,0.500000,0.000000,0.000000,0.000000,0.000000,0.000000,0.000000,0.500000,0.000000,0.000000,0.000000,0.000000,0.000000,0.000000
681987,Nate Eaton,BOS,R,90,0.211111,0.066667,0.011111,0.011111,0.211111,0.044444,0.000000,0.177778,0.200000,0.055556,0.011111,0.058824,0.043478,0.011111
682177,Daniel Schneemann,CLE,L,699,0.290831,0.088830,0.004299,0.024357,0.106021,0.051570,0.004299,0.203438,0.170482,0.042978,0.012895,0.033102,0.027427,0.001430
682622,Noelvi Marte,CIN,R,649,0.272728,0.044684,0.009245,0.027735,0.149461,0.040062,0.003082,0.226502,0.169492,0.041602,0.015408,0.051972,0.021366,0.000000
682626,Francisco Alvarez,NYM,R,706,0.250590,0.094069,0.011426,0.039961,0.136751,0.039840,0.004262,0.225017,0.146757,0.037059,0.014268,0.101782,0.015581,0.000000
682634,Kevin Alcántara,CHC,R,22,0.227273,0.045455,0.000000,0.000000,0.227273,0.000000,0.000000,0.363636,0.090909,0.000000,0.045455,0.000000,0.000000,0.000000
682641,Luis Matos,MIL,R,360,0.175454,0.047349,0.000000,0.036214,0.122564,0.039001,0.002785,0.242351,0.253494,0.064072,0.016714,0.127355,0.017207,0.000000
682657,Angel Martínez,CLE,R,727,0.213205,0.060523,0.013755,0.022008,0.141678,0.046768,0.002751,0.199450,0.229711,0.057772,0.012379,0.063943,0.028677,0.011004
682663,Agustín Ramírez,MIA,R,697,0.197715,0.066414,0.014433,0.030272,0.121227,0.056271,0.004342,0.255392,0.190454,0.047605,0.015874,0.079698,0.023893,0.000000
682668,Luisangel Acuña,CWS,R,322,0.164596,0.049690,0.012423,0.009317,0.180124,0.027951,0.003105,0.298137,0.186335,0.049689,0.018634,0.107563,0.038200,0.012423
682729,Jonatan Clase,TOR,R,178,0.252809,0.073034,0.016854,0.016854,0.157303,0.028090,0.000000,0.179775,0.213483,0.050562,0.011236,0.058824,0.000000,0.005618
682829,Elly De La Cruz,CIN,R,1518,0.289508,0.090964,0.005314,0.035847,0.140771,0.046486,0.011292,0.203189,0.130813,0.032537,0.013279,0.079765,0.008112,0.001317
682848,Endy Rodríguez,PIT,R,57,0.245614,0.087719,0.000000,0.000000,0.087719,0.070175,0.000000,0.175439,0.245614,0.070175,0.017544,0.000000,0.000000,0.000000
682877,Juan Brito,CLE,R,20,0.100000,0.000000,0.000000,0.000000,0.250000,0.200000,0.000000,0.250000,0.150000,0.050000,0.000000,0.000000,0.000000,0.000000
682928,CJ Abrams,WSH,L,1339,0.203001,0.063664,0.024718,0.035201,0.138573,0.048693,0.008240,0.201500,0.211242,0.052436,0.012733,0.042121,0.019715,0.001493
682985,Riley Greene,DET,L,1361,0.283199,0.089227,0.006638,0.044991,0.131270,0.048670,0.005163,0.182885,0.157074,0.039085,0.011799,0.075204,0.026556,0.000000
682988,Tyler Locklear,AZ,R,165,0.381818,0.078788,0.024242,0.030303,0.115152,0.006061,0.000000,0.193939,0.127273,0.030303,0.012121,0.176471,0.000000,0.000000
682997,Tyler Callihan,PIT,L,6,0.166667,0.000000,0.000000,0.000000,0.166667,0.000000,0.000000,0.500000,0.166667,0.000000,0.000000,0.000000,0.000000,0.000000
682998,Corbin Carroll,AZ,L,1428,0.214184,0.104632,0.011940,0.040029,0.109550,0.042133,0.025979,0.195227,0.195230,0.048456,0.012640,0.030301,0.043713,0.002101
683002,Gunnar Henderson,BAL,L,1487,0.222962,0.098645,0.010810,0.042560,0.144607,0.047973,0.008110,0.212848,0.158107,0.039190,0.014188,0.033236,0.030824,0.000000
683011,Anthony Volpe,NYY,R,1285,0.238504,0.065472,0.006235,0.024162,0.130943,0.045986,0.008574,0.229930,0.188620,0.046765,0.014809,0.060510,0.033113,0.003891
683083,Nasim Nuñez,WSH,R,254,0.216535,0.102363,0.007874,0.015748,0.161417,0.011811,0.000000,0.271654,0.153543,0.039370,0.019685,0.026924,0.020866,0.023622
683090,Matthew Lugo,LAA,R,70,0.342857,0.000000,0.014286,0.057143,0.128571,0.028571,0.014286,0.242857,0.128571,0.028571,0.014286,0.166667,0.000000,0.000000
683146,Brett Baty,NYM,L,697,0.253230,0.069079,0.004318,0.031662,0.159712,0.031648,0.005752,0.253243,0.140998,0.034531,0.015826,0.070155,0.039894,0.001435
683227,Cody Freeman,TEX,R,121,0.157025,0.041322,0.000000,0.024793,0.157025,0.033058,0.000000,0.297521,0.214876,0.057851,0.016529,0.078947,0.030303,0.008264
683357,Owen Caissie,MIA,L,112,0.366071,0.071428,0.017857,0.044643,0.116071,0.080357,0.000000,0.089286,0.169643,0.044643,0.000000,0.221088,0.083164,0.000000
683734,Andrew Vaughn,MIL,R,1070,0.198131,0.064486,0.008411,0.030841,0.147664,0.048598,0.000935,0.208411,0.223364,0.056075,0.013084,0.105485,0.036789,0.000935
683737,Michael Busch,CHC,L,1269,0.253560,0.102684,0.011060,0.043449,0.120859,0.045025,0.005530,0.180086,0.180088,0.045811,0.011848,0.053311,0.027488,0.000000
683748,Victor Mesa Jr.,TB,L,38,0.131579,0.131579,0.000000,0.026316,0.078947,0.052632,0.000000,0.210526,0.289474,0.078947,0.000000,0.000000,0.000000,0.026316
683766,Christian Koss,SF,R,197,0.228426,0.045685,0.015228,0.015228,0.172589,0.045685,0.000000,0.258883,0.162436,0.040609,0.015228,0.074323,0.051830,0.015229
686217,Sal Frelick,MIL,L,1212,0.144532,0.083093,0.010804,0.013294,0.186010,0.038208,0.005810,0.246680,0.204297,0.051489,0.015784,0.044279,0.019320,0.004125
686452,Drew Millas,WSH,R,166,0.212091,0.102969,0.000000,0.006067,0.163684,0.036403,0.006067,0.254518,0.163640,0.042427,0.012134,0.022957,0.000000,0.012048
686469,Vinnie Pasquantino,KC,L,1356,0.153315,0.070365,0.009628,0.037786,0.142966,0.048155,0.002223,0.216302,0.243705,0.061481,0.014074,0.089968,0.048545,0.000737
686475,Tyler Tolbert,KC,R,61,0.213115,0.016393,0.049180,0.016393,0.180328,0.032787,0.000000,0.180328,0.229508,0.065574,0.016393,0.188972,0.107468,0.016393
686527,Dominic Canzone,SEA,L,516,0.237367,0.075879,0.009722,0.044742,0.142044,0.040850,0.000000,0.196517,0.192576,0.048626,0.011676,0.100173,0.033801,0.000000
686555,Isaac Collins,KC,R,547,0.241317,0.129799,0.014625,0.020109,0.137111,0.043876,0.005484,0.171847,0.180987,0.043876,0.010969,0.106604,0.024804,0.005484
686611,Dylan Crews,WSH,R,454,0.224670,0.077093,0.013216,0.028634,0.127753,0.028634,0.006608,0.253304,0.180617,0.044053,0.015419,0.065574,0.009804,0.000000
686668,Brenton Doyle,COL,R,1233,0.262172,0.067370,0.002435,0.032468,0.144481,0.039774,0.004871,0.202111,0.185066,0.046267,0.012987,0.101363,0.041937,0.004866
686681,Michael Massey,KC,L,642,0.159124,0.035882,0.006240,0.026522,0.165367,0.042119,0.003121,0.205930,0.274571,0.068644,0.012480,0.096867,0.036297,0.004672
686765,Nick Sogard,BOS,R,190,0.257895,0.063158,0.015789,0.000000,0.178947,0.063158,0.000000,0.200000,0.168421,0.042105,0.010526,0.175000,0.050000,0.000000
686780,Pedro Pagés,STL,R,661,0.272727,0.050001,0.010602,0.030303,0.150003,0.028787,0.003031,0.216662,0.178791,0.045456,0.013637,0.130484,0.033431,0.006051
686797,Brooks Lee,MIN,R,786,0.172187,0.056124,0.006375,0.026783,0.158162,0.026790,0.002552,0.248731,0.228317,0.057399,0.016581,0.080971,0.031150,0.000000
686823,Will Brennan,SF,L,366,0.134615,0.049451,0.010989,0.021978,0.178571,0.035714,0.005495,0.255495,0.233516,0.057692,0.016484,0.101010,0.009434,0.000000
686894,Joey Wiemer,WSH,R,153,0.322477,0.091947,0.013183,0.046029,0.190650,0.013183,0.013128,0.171098,0.105350,0.026365,0.006592,0.124243,0.086420,0.000000
686948,Drake Baldwin,ATL,L,569,0.152900,0.080843,0.012302,0.050967,0.166959,0.036907,0.003515,0.272408,0.165202,0.040422,0.017575,0.085160,0.000000,0.000000
687093,Vaughn Grissom,LAA,R,117,0.205128,0.068376,0.008547,0.000000,0.145299,0.025641,0.000000,0.273504,0.205128,0.051282,0.017094,0.085973,0.034798,0.000000
687221,Dalton Rushing,LAD,L,175,0.342857,0.057143,0.017143,0.057143,0.148571,0.028571,0.000000,0.131428,0.171429,0.040000,0.005715,0.040994,0.052381,0.000000
687231,Darell Hernaiz,ATH,R,356,0.154494,0.078651,0.002809,0.008427,0.160112,0.022472,0.002809,0.275281,0.221910,0.056180,0.016854,0.056841,0.071958,0.008427
687263,Zach Neto,LAA,R,1284,0.253340,0.062770,0.023519,0.045503,0.128623,0.052539,0.001568,0.189002,0.184312,0.046274,0.012550,0.073146,0.013578,0.004673
687363,Victor Scott II,STL,L,700,0.247142,0.070000,0.017143,0.010000,0.138571,0.037143,0.001429,0.237143,0.181429,0.044286,0.015715,0.027158,0.041112,0.028571
687401,Joey Ortiz,MIL,R,1087,0.179393,0.080036,0.008280,0.016559,0.148114,0.039559,0.006440,0.237350,0.215272,0.053358,0.015639,0.073042,0.020304,0.008280
687462,Spencer Horwitz,PIT,L,870,0.183389,0.109567,0.010383,0.026533,0.151092,0.054215,0.000000,0.201846,0.200689,0.049597,0.012689,0.097434,0.032038,0.000000
687515,Colby Thomas,ATH,R,132,0.371212,0.053030,0.007576,0.045455,0.121212,0.037879,0.000000,0.151515,0.166667,0.037879,0.007576,0.142857,0.111111,0.007576
687529,Grant McCray,SF,L,156,0.429487,0.051282,0.000000,0.032051,0.102564,0.019231,0.019231,0.198718,0.108974,0.025641,0.012821,0.121212,0.047619,0.006410
687551,Drew Gilbert,SF,L,109,0.183486,0.064220,0.009174,0.027523,0.091743,0.045872,0.009174,0.293578,0.201835,0.055046,0.018349,0.058824,0.035714,0.000000
687597,Jordan Beck,COL,R,828,0.303883,0.071425,0.006054,0.023004,0.141653,0.042374,0.006054,0.184012,0.168274,0.042370,0.010897,0.097054,0.011696,0.000000
687637,Dylan Beavers,BAL,L,204,0.245098,0.151961,0.000000,0.029412,0.132353,0.034314,0.004902,0.137255,0.205883,0.053921,0.004902,0.060895,0.037891,0.004902
687859,Troy Johnston,COL,L,213,0.206573,0.065727,0.004695,0.037559,0.187794,0.037559,0.004695,0.211268,0.183099,0.046948,0.014084,0.021779,0.000000,0.009390
687957,Dustin Harris,CWS,L,70,0.242857,0.142857,0.000000,0.028571,0.114286,0.057143,0.000000,0.200000,0.171429,0.028571,0.014286,0.070238,0.000000,0.000000
688363,Graham Pauley,MIA,L,275,0.250909,0.080000,0.000000,0.021818,0.094546,0.061818,0.003636,0.196364,0.225454,0.054545,0.010909,0.035918,0.013134,0.010909
688760,Blaine Crim,COL,R,74,0.378378,0.081081,0.013514,0.067568,0.081081,0.027027,0.000000,0.135135,0.162162,0.040541,0.013514,0.000000,0.133333,0.000000
689041,Rhylan Thomas,SEA,L,10,0.000000,0.100000,0.000000,0.000000,0.000000,0.100000,0.000000,0.500000,0.200000,0.100000,0.000000,0.000000,0.333333,0.000000
689200,Jacob Melton,TB,L,78,0.376623,0.077922,0.012987,0.000000,0.129870,0.000000,0.012987,0.311688,0.038961,0.012987,0.025974,0.076923,0.000000,0.000000
689414,Liam Hicks,MIA,L,479,0.129436,0.102297,0.027140,0.025052,0.160752,0.031316,0.002088,0.237996,0.212944,0.054279,0.016701,0.041275,0.038531,0.006263
690022,Ryan Ritter,COL,R,214,0.299065,0.046729,0.023364,0.004673,0.154206,0.042056,0.014019,0.238318,0.130841,0.032710,0.014019,0.129630,0.028571,0.018692
690291,Jace Jung,DET,L,149,0.302013,0.147651,0.006711,0.000000,0.127517,0.033557,0.000000,0.187919,0.147651,0.033557,0.013423,0.166667,0.000000,0.000000
690924,Braxton Fulford,COL,R,125,0.304000,0.056000,0.016000,0.016000,0.128000,0.040000,0.016000,0.152000,0.208000,0.056000,0.008000,0.050000,0.090909,0.000000
690976,Alex Freeland,LAD,R,169,0.337278,0.100592,0.005917,0.023668,0.130177,0.035503,0.005917,0.189349,0.124260,0.035503,0.011834,0.155741,0.000000,0.005917
690984,Petey Halpin,CLE,L,8,0.250000,0.250000,0.000000,0.000000,0.250000,0.000000,0.000000,0.125000,0.125000,0.000000,0.000000,0.000000,0.000000,0.000000
690987,Robert Hassell III,WSH,L,206,0.300971,0.038835,0.004854,0.014563,0.155340,0.043689,0.000000,0.247573,0.145631,0.033981,0.014563,0.074074,0.000000,0.000000
690993,Colt Keith,DET,L,1118,0.209863,0.078029,0.003588,0.023321,0.169503,0.044832,0.005382,0.196417,0.206282,0.051123,0.011661,0.046867,0.020747,0.000000
691016,Tyler Soderstrom,ATH,L,946,0.237535,0.086957,0.009546,0.037120,0.141044,0.053022,0.003179,0.235410,0.145287,0.036055,0.014846,0.130835,0.017384,0.000000
691019,Kyle Teel,CWS,L,297,0.259259,0.124579,0.016835,0.026936,0.168350,0.037037,0.000000,0.154882,0.161616,0.040404,0.010101,0.020408,0.016667,0.003367
691023,Jordan Walker,STL,R,676,0.303706,0.071108,0.007409,0.031103,0.131849,0.040000,0.002963,0.189632,0.165933,0.042963,0.013333,0.094337,0.020788,0.000000
691026,Masyn Winn,STL,R,1266,0.179447,0.067192,0.009485,0.018973,0.158896,0.049803,0.003953,0.200790,0.237946,0.060079,0.013438,0.044612,0.018517,0.003950
691176,Jasson Domínguez,NYY,R,496,0.270707,0.103030,0.006061,0.024242,0.153535,0.038384,0.002020,0.183838,0.165657,0.040404,0.012121,0.051546,0.039216,0.000000
691182,Adael Amador,COL,R,164,0.201220,0.073171,0.006098,0.006098,0.103659,0.048780,0.000000,0.243902,0.237805,0.060976,0.018293,0.069767,0.000000,0.018293
691185,Maximo Acosta,MIA,R,61,0.278689,0.098361,0.016393,0.049180,0.114754,0.016393,0.000000,0.196721,0.163934,0.049180,0.016393,0.000000,0.000000,0.000000
691277,Deyvison De Los Santos,MIA,R,4,0.000000,0.000000,0.000000,0.000000,0.000000,0.500000,0.000000,0.000000,0.500000,0.000000,0.000000,0.000000,0.000000,0.000000
691373,Jhostynxon Garcia,PIT,R,9,0.555556,0.222222,0.000000,0.000000,0.000000,0.111111,0.000000,0.000000,0.111111,0.000000,0.000000,0.000000,0.000000,0.000000
691406,Junior Caminero,TB,R,943,0.197871,0.070195,0.004256,0.058516,0.134042,0.041495,0.001064,0.235124,0.193607,0.047872,0.015957,0.147286,0.031247,0.000000
691594,Javier Sanoja,MIA,R,447,0.120805,0.049217,0.004474,0.013423,0.156599,0.067114,0.008948,0.263982,0.237137,0.060403,0.017897,0.031435,0.029423,0.008948
691620,Jeferson Quero,MIL,R,2,0.000000,0.500000,0.000000,0.000000,0.000000,0.000000,0.000000,0.500000,0.000000,0.000000,0.000000,0.000000,0.000000,0.000000
691718,Pete Crow-Armstrong,CHC,L,1166,0.243582,0.043883,0.012900,0.036990,0.130839,0.044731,0.008600,0.178997,0.229772,0.057655,0.012052,0.036197,0.044783,0.013722
691720,Kyle Karros,COL,R,243,0.267489,0.111111,0.008230,0.004116,0.164609,0.024692,0.000000,0.189300,0.176954,0.045268,0.008230,0.145370,0.037899,0.000000
691723,Coby Mayo,BAL,R,412,0.310680,0.104369,0.012136,0.026699,0.106797,0.033980,0.000000,0.162621,0.184466,0.048543,0.009708,0.069521,0.000000,0.000000
691728,Zac Veen,COL,L,37,0.378378,0.054054,0.027027,0.027027,0.054054,0.027027,0.000000,0.189189,0.189189,0.054054,0.000000,0.000000,0.000000,0.000000
691740,Daniel Susac,SF,R,16,0.000000,0.125000,0.000000,0.000000,0.625000,0.000000,0.125000,0.000000,0.125000,0.000000,0.000000,0.000000,0.000000,0.000000
691777,Max Muncy,ATH,R,323,0.321982,0.037152,0.009288,0.040248,0.139319,0.049536,0.006192,0.195047,0.148607,0.037151,0.015480,0.047046,0.015956,0.000000
691781,Brady House,WSH,R,374,0.283423,0.045454,0.000000,0.021391,0.165776,0.045454,0.000000,0.221925,0.160428,0.040107,0.016043,0.168530,0.063306,0.000000
691783,Jordan Lawlar,AZ,R,94,0.340426,0.074468,0.021277,0.010638,0.095745,0.085106,0.000000,0.148936,0.170213,0.042553,0.010638,0.000000,0.050000,0.000000
691785,Marcelo Mayer,BOS,L,206,0.313801,0.058811,0.000000,0.029406,0.092994,0.068683,0.004883,0.230255,0.147240,0.039278,0.014650,0.038158,0.076536,0.000000
691907,Tsung-Che Cheng,BOS,L,7,0.428571,0.000000,0.000000,0.000000,0.000000,0.000000,0.000000,0.285714,0.285714,0.000000,0.000000,0.000000,0.000000,0.000000
692216,CJ Kayfus,CLE,L,188,0.287234,0.079787,0.021277,0.031915,0.085107,0.063830,0.005319,0.170212,0.196808,0.047872,0.010638,0.000000,0.022231,0.005319
692225,Kristian Campbell,BOS,R,263,0.274809,0.110687,0.015267,0.022901,0.133588,0.038168,0.000000,0.229008,0.129771,0.030534,0.015267,0.015625,0.023810,0.000000
693304,Nick Gonzales,PIT,R,887,0.185101,0.049661,0.007901,0.013545,0.179458,0.048532,0.006773,0.233633,0.208805,0.051919,0.014672,0.100122,0.034396,0.001127
693307,Dillon Dingler,DET,R,646,0.249509,0.046849,0.026681,0.028121,0.162210,0.043621,0.006223,0.192002,0.185489,0.046790,0.012505,0.074770,0.006554,0.000000
693409,César Prieto,STL,L,6,0.833333,0.000000,0.000000,0.000000,0.166667,0.000000,0.000000,0.000000,0.000000,0.000000,0.000000,0.000000,0.000000,0.000000
694175,Pedro León,PHI,R,21,0.476190,0.047619,0.000000,0.000000,0.095238,0.000000,0.000000,0.190476,0.142857,0.047619,0.000000,0.400000,0.000000,0.000000
694192,Jackson Chourio,MIL,R,1162,0.209162,0.055315,0.005186,0.036301,0.154710,0.055315,0.006914,0.219533,0.195333,0.048401,0.013829,0.074074,0.028369,0.001721
694203,Denzer Guzman,LAA,R,43,0.511628,0.023256,0.000000,0.046512,0.116279,0.023256,0.000000,0.093023,0.139535,0.046512,0.000000,0.000000,0.000000,0.000000
694208,Moisés Ballesteros,CHC,L,132,0.213700,0.106929,0.000000,0.030540,0.183160,0.015309,0.007655,0.206361,0.182923,0.038116,0.015309,0.058788,0.065323,0.000000
694212,Samuel Basallo,BAL,L,190,0.298084,0.069304,0.015894,0.031896,0.085198,0.031788,0.000000,0.233757,0.175586,0.047897,0.010596,0.080000,0.000000,0.000000
694362,Blake Dunn,CIN,R,104,0.346154,0.096154,0.076923,0.019231,0.076923,0.028846,0.000000,0.221154,0.096154,0.019231,0.019231,0.080000,0.000000,0.000000
694374,Tim Tawa,AZ,R,279,0.254480,0.093190,0.003584,0.025090,0.103943,0.035842,0.000000,0.254480,0.172043,0.039427,0.017921,0.107312,0.084249,0.014337
694376,Shay Whitcomb,HOU,R,81,0.246914,0.074074,0.000000,0.012346,0.111111,0.037037,0.000000,0.222222,0.222222,0.061728,0.012346,0.052632,0.000000,0.000000
694377,Nick Yorke,PIT,R,179,0.206704,0.100559,0.011173,0.016760,0.178771,0.044692,0.000000,0.245810,0.145252,0.039106,0.011174,0.046714,0.098005,0.000000
694384,Nolan Schanuel,LAA,L,1281,0.150467,0.105017,0.014893,0.022725,0.159101,0.036050,0.000784,0.242938,0.202194,0.050156,0.015674,0.101462,0.040358,0.004684
694388,Joey Loperfido,HOU,L,446,0.320628,0.058296,0.015695,0.017937,0.152466,0.051570,0.008969,0.206278,0.123319,0.031390,0.013453,0.052665,0.051414,0.004484
694497,Evan Carter,TEX,L,466,0.225801,0.094614,0.019359,0.023656,0.120432,0.045156,0.008604,0.178520,0.219343,0.053761,0.010755,0.031962,0.008086,0.000000
694671,Wyatt Langford,TEX,R,1235,0.237591,0.098472,0.007325,0.031736,0.129386,0.043939,0.007316,0.172479,0.208292,0.052074,0.011390,0.075428,0.025165,0.000000
694728,Brice Matthews,HOU,R,97,0.453608,0.082474,0.010309,0.061855,0.051547,0.020619,0.000000,0.123711,0.144330,0.041237,0.010309,0.000000,0.000000,0.020619
695020,Tanner Murray,CWS,R,15,0.133333,0.000000,0.000000,0.000000,0.066667,0.000000,0.000000,0.266667,0.400000,0.133333,0.000000,0.000000,0.000000,0.000000
695238,Will Wagner,SD,L,235,0.187234,0.089362,0.008511,0.008511,0.165957,0.055319,0.000000,0.272340,0.157447,0.038298,0.017021,0.088235,0.000000,0.004255
695257,Billy Cook,PIT,R,58,0.379310,0.000000,0.000000,0.051724,0.137931,0.034483,0.000000,0.103448,0.241380,0.051724,0.000000,0.000000,0.000000,0.000000
695336,Thomas Saggese,STL,R,415,0.277108,0.062651,0.004819,0.007229,0.168675,0.055422,0.000000,0.173494,0.192772,0.048192,0.009638,0.097389,0.020348,0.002410
695391,Brett Harris,ATH,R,207,0.222222,0.115942,0.019324,0.014493,0.115942,0.038647,0.000000,0.198068,0.207729,0.053140,0.014493,0.090909,0.037037,0.004831
695506,Jac Caglianone,KC,L,325,0.249231,0.080000,0.024615,0.021538,0.101539,0.033847,0.003077,0.249231,0.172307,0.046154,0.018462,0.044116,0.000000,0.000000
695578,James Wood,WSH,L,1148,0.311683,0.115009,0.004392,0.042132,0.128199,0.051788,0.003514,0.208065,0.097463,0.024587,0.013168,0.059499,0.021299,0.000000
695600,Carter Jensen,KC,L,147,0.278911,0.102041,0.000000,0.068027,0.102041,0.054422,0.000000,0.217687,0.129251,0.027211,0.020408,0.027473,0.089636,0.000000
695657,Colson Montgomery,CWS,L,394,0.303550,0.086735,0.015289,0.063801,0.102055,0.033162,0.002553,0.160735,0.176009,0.045913,0.010198,0.044110,0.011682,0.000000
695670,Harry Ford,WSH,R,8,0.375000,0.000000,0.125000,0.000000,0.125000,0.000000,0.000000,0.125000,0.250000,0.000000,0.000000,0.000000,0.400000,0.000000
695681,Christian Moore,LAA,R,184,0.336957,0.103261,0.005435,0.038043,0.103261,0.027174,0.005435,0.173913,0.157609,0.038043,0.010870,0.088235,0.027778,0.005435
695734,Daylen Lile,WSH,L,468,0.158462,0.062097,0.008568,0.019278,0.179866,0.044967,0.023563,0.214118,0.220559,0.055676,0.012847,0.073963,0.023089,0.002137
696030,Alejandro Osuna,TEX,L,176,0.194286,0.114286,0.011429,0.011429,0.148571,0.022857,0.000000,0.240000,0.194286,0.045714,0.017143,0.022222,0.047619,0.000000
696100,Hunter Goodman,COL,R,908,0.278216,0.051882,0.012169,0.052965,0.133595,0.043021,0.005513,0.157713,0.204222,0.050780,0.009924,0.131828,0.017438,0.000000
696285,Jacob Young,WSH,R,954,0.185535,0.063941,0.015723,0.007338,0.169811,0.040881,0.002096,0.285116,0.168763,0.041928,0.018868,0.061927,0.015131,0.020965
699625,Jimmy Crooks,STL,L,46,0.369565,0.000000,0.021739,0.021739,0.086957,0.000000,0.021739,0.173913,0.239130,0.065217,0.000000,0.125000,0.000000,0.000000
699912,Jose Fernandez,AZ,R,56,0.232143,0.000000,0.000000,0.071428,0.214286,0.035714,0.000000,0.214286,0.178572,0.053572,0.000000,0.166667,0.000000,0.000000
700242,Trey Sweeney,DET,L,445,0.278652,0.074157,0.002247,0.022472,0.132584,0.024719,0.004494,0.206742,0.193258,0.047191,0.013483,0.051020,0.046729,0.000000
700246,Carson Williams,TB,R,131,0.404580,0.053435,0.000000,0.038168,0.083969,0.030534,0.000000,0.213740,0.129771,0.030534,0.015267,0.100000,0.000000,0.015267
700250,Ben Rice,NYY,L,805,0.219167,0.114552,0.012456,0.049808,0.104608,0.052299,0.004982,0.194280,0.189311,0.047327,0.011209,0.118877,0.035343,0.000000
700337,Edgar Quero,CWS,R,476,0.182773,0.079832,0.008403,0.010505,0.184874,0.035714,0.000000,0.260504,0.176470,0.044118,0.016807,0.089607,0.018973,0.004202
700932,Kyle Manzardo,CLE,L,773,0.267171,0.081711,0.016857,0.042805,0.110254,0.040214,0.002595,0.154334,0.217912,0.055774,0.010374,0.121422,0.027836,0.000000
701305,Zach Dezenzo,HOU,R,174,0.339080,0.080460,0.000000,0.022989,0.155172,0.045977,0.000000,0.149425,0.155172,0.040230,0.011494,0.178571,0.000000,0.000000
701350,Roman Anthony,BOS,L,407,0.286477,0.123404,0.012319,0.024681,0.153053,0.049320,0.007433,0.200033,0.103733,0.027186,0.012361,0.023574,0.019383,0.000000
701358,Cam Smith,HOU,R,601,0.274542,0.094842,0.014975,0.024958,0.141431,0.041598,0.004992,0.198003,0.153078,0.038269,0.013311,0.086739,0.017273,0.000000
701398,Sal Stewart,CIN,R,175,0.179066,0.133071,0.000000,0.075119,0.144516,0.052058,0.000000,0.179236,0.184917,0.040443,0.011574,0.091824,0.053439,0.000000
701538,Jackson Merrill,SD,L,1188,0.192555,0.057441,0.004220,0.037161,0.152838,0.050664,0.010128,0.189242,0.235649,0.058273,0.011828,0.055051,0.028736,0.004209
701675,Nathan Church,STL,L,131,0.305344,0.038168,0.022901,0.022901,0.122138,0.007634,0.000000,0.282443,0.145038,0.030534,0.022901,0.000000,0.044006,0.015267
701762,Nick Kurtz,ATH,L,597,0.325424,0.136543,0.003375,0.060753,0.121417,0.050602,0.003375,0.133243,0.124793,0.032039,0.008438,0.046300,0.032244,0.000000
701807,Carson Benge,NYM,L,89,0.292135,0.112360,0.000000,0.022472,0.089888,0.000000,0.000000,0.235955,0.179775,0.044944,0.022472,0.086908,0.000000,0.000000
702176,Alan Roden,MIN,L,153,0.241830,0.052288,0.039216,0.013072,0.111111,0.039216,0.006536,0.300654,0.143791,0.032680,0.019608,0.000000,0.111111,0.000000
702222,Justin Crawford,PHI,L,83,0.204819,0.072289,0.012048,0.000000,0.228916,0.060241,0.012048,0.265060,0.096385,0.024096,0.024096,0.000000,0.000000,0.000000
702284,Cole Young,SEA,L,360,0.211667,0.091931,0.011138,0.022277,0.139272,0.030637,0.008351,0.183852,0.231230,0.055719,0.013926,0.055738,0.018478,0.005556
702332,Caleb Durbin,BOS,R,588,0.110544,0.061224,0.042517,0.018707,0.142857,0.045918,0.000000,0.270408,0.232993,0.057824,0.017007,0.081784,0.022885,0.005102
702616,Jackson Holliday,BAL,L,857,0.244159,0.081776,0.009346,0.025701,0.147196,0.029206,0.005841,0.238318,0.162383,0.040888,0.015187,0.023041,0.011494,0.000000
800050,Chase DeLauter,CLE,L,95,0.210526,0.094737,0.000000,0.105263,0.105263,0.031579,0.000000,0.221053,0.168421,0.042105,0.021053,0.217703,0.100478,0.000000
802139,JJ Wetherholt,STL,L,115,0.200000,0.156522,0.017391,0.017391,0.156522,0.017391,0.000000,0.165217,0.200000,0.052174,0.017391,0.000000,0.068944,0.000000
802415,Chandler Simpson,TB,L,544,0.088574,0.047967,0.000000,0.000000,0.256426,0.027687,0.009222,0.372695,0.138387,0.035054,0.023987,0.046429,0.020948,0.005514
804606,Konnor Griffin,PIT,R,52,0.250000,0.076923,0.038462,0.000000,0.096154,0.038462,0.000000,0.288461,0.153846,0.038462,0.019231,0.124542,0.201923,0.000000
804668,Rafael Flores Jr.,PIT,R,17,0.411765,0.117647,0.000000,0.000000,0.058824,0.117647,0.000000,0.235294,0.058824,0.000000,0.000000,0.000000,0.000000,0.000000
805249,Otto Kemp,PHI,R,246,0.329268,0.048780,0.036586,0.032521,0.126016,0.044716,0.000000,0.170732,0.162601,0.036585,0.012195,0.087729,0.040131,0.000000
805300,Jakob Marsee,MIA,L,361,0.221607,0.102493,0.011080,0.013851,0.130194,0.055401,0.013851,0.174515,0.210526,0.052632,0.013851,0.027513,0.030711,0.000000
805367,Chase Meidroth,CWS,R,614,0.156352,0.092834,0.009772,0.011400,0.175896,0.034202,0.000000,0.280130,0.177524,0.043974,0.017916,0.103554,0.007130,0.004886
805373,Nacho Alvarez Jr.,ATL,R,240,0.245833,0.050000,0.029167,0.008333,0.137500,0.050000,0.000000,0.191667,0.220833,0.054167,0.012500,0.040816,0.015152,0.008333
805779,Jacob Wilson,ATH,R,735,0.088550,0.046327,0.010900,0.017713,0.204359,0.046321,0.002725,0.332422,0.183925,0.046321,0.020436,0.092676,0.011809,0.004081
805808,Kevin McGonigle,DET,L,118,0.127119,0.118644,0.000000,0.000000,0.144068,0.093220,0.016949,0.144068,0.279661,0.067796,0.008475,0.000000,0.000000,0.000000
805811,Bryce Eldridge,SF,L,37,0.351351,0.189189,0.027027,0.000000,0.027027,0.054054,0.000000,0.162162,0.162162,0.027027,0.000000,0.000000,0.142857,0.000000
805904,Zach Cole,HOU,L,52,0.384615,0.096154,0.000000,0.076923,0.115385,0.038462,0.000000,0.153846,0.115385,0.019231,0.000000,0.000000,0.000000,0.000000
807712,Luke Keaschall,MIN,R,325,0.138461,0.086154,0.015385,0.018462,0.166154,0.049231,0.000000,0.240000,0.218462,0.052307,0.015384,0.049609,0.033295,0.000000
807713,Matt Shaw,CHC,R,518,0.206563,0.081081,0.003861,0.032819,0.123552,0.044401,0.005792,0.204633,0.225868,0.057915,0.013513,0.034873,0.040337,0.003861
807799,Masataka Yoshida,BOS,L,678,0.122418,0.078171,0.026549,0.020649,0.169617,0.053098,0.000000,0.266962,0.196165,0.050147,0.016224,0.046389,0.035290,0.000000
808959,Munetaka Murakami,CWS,L,111,0.339421,0.174314,0.000000,0.073400,0.073400,0.000000,0.000000,0.165150,0.119264,0.036700,0.018350,0.100000,0.117618,0.000000
808975,Hyeseong Kim,LAD,L,190,0.300000,0.057894,0.005264,0.015790,0.205263,0.042105,0.005264,0.189473,0.131579,0.036842,0.010526,0.000000,0.019298,0.005264
808982,Jung Hoo Lee,SF,L,877,0.117446,0.076397,0.007982,0.012543,0.155074,0.047891,0.013683,0.274800,0.221209,0.055872,0.017103,0.023522,0.041025,0.000000
810938,Ben Williamson,TB,R,379,0.213720,0.055409,0.002638,0.002638,0.189974,0.042216,0.000000,0.282322,0.153035,0.039578,0.018469,0.080009,0.000000,0.005277
607067,Colin Rea,CHC,R,1,1.000000,0.000000,0.000000,0.000000,0.000000,0.000000,0.000000,0.000000,0.000000,0.000000,0.000000,0.000000,0.000000,0.000000
622491,Luis Castillo,SEA,R,1,1.000000,0.000000,0.000000,0.000000,0.000000,0.000000,0.000000,0.000000,0.000000,0.000000,0.000000,0.000000,0.000000,0.000000
641302,Tyler Alexander,TEX,R,1,0.000000,0.000000,0.000000,0.000000,0.000000,0.000000,0.000000,1.000000,0.000000,0.000000,0.000000,0.000000,0.000000,0.000000
669194,Ryne Nelson,AZ,R,1,0.000000,0.000000,0.000000,0.000000,1.000000,0.000000,0.000000,0.000000,0.000000,0.000000,0.000000,0.000000,0.000000,0.000000
669432,Trevor Rogers,BAL,L,2,1.000000,0.000000,0.000000,0.000000,0.000000,0.000000,0.000000,0.000000,0.000000,0.000000,0.000000,0.000000,0.000000,0.000000
683004,Jack Leiter,TEX,R,1,1.000000,0.000000,0.000000,0.000000,0.000000,0.000000,0.000000,0.000000,0.000000,0.000000,0.000000,0.000000,0.000000,0.000000
666211,Taylor Trammell,HOU,L,1,0.000000,1.000000,0.000000,0.000000,0.000000,0.000000,0.000000,0.000000,0.000000,0.000000,0.000000,0.000000,0.000000,0.000000
