pitcher_id,name,team,hand,pa,k_rate,bb_rate,hbp_rate,hr_rate,single_rate,double_rate,triple_rate,gbout_rate,fbout_rate,ldout_rate,fc_rate,gidp_prob_given_gbout,sf_prob_given_fbout
434378,Justin Verlander,DET,R,1077,0.197026,0.074349,0.011152,0.029740,0.155204,0.052045,0.003717,0.153346,0.250929,0.063197,0.009294,0.057143,0.032544
445276,Kenley Jansen,DET,R,479,0.286200,0.079993,0.004212,0.031553,0.101091,0.029484,0.002106,0.138998,0.256864,0.061075,0.008424,0.054757,0.026075
453286,Max Scherzer,TOR,R,643,0.222396,0.063763,0.006221,0.052877,0.130638,0.049766,0.000000,0.146190,0.256610,0.063763,0.007776,0.053622,0.014362
455119,Chris Martin,TEX,R,430,0.251861,0.016498,0.016435,0.032933,0.209408,0.037490,0.000000,0.186059,0.188166,0.049367,0.011784,0.120872,0.031026
472610,Luis García,NYM,R,543,0.199692,0.070895,0.005601,0.018670,0.156726,0.074527,0.003734,0.263120,0.151075,0.039157,0.016803,0.117737,0.030269
489446,Kirby Yates,LAA,R,415,0.334963,0.097800,0.007335,0.029340,0.066015,0.053790,0.000000,0.156479,0.195599,0.048900,0.009780,0.000000,0.040000
500779,Jose Quintana,COL,L,1292,0.174923,0.090557,0.012384,0.030960,0.142415,0.036378,0.002322,0.238390,0.205108,0.051084,0.015480,0.094512,0.027190
518585,Fernando Cruz,NYY,R,545,0.373846,0.127050,0.007369,0.025790,0.095784,0.038686,0.001842,0.128920,0.154675,0.038670,0.007369,0.092844,0.019754
518876,Merrill Kelly,AZ,R,1048,0.219675,0.063992,0.003820,0.032474,0.128940,0.048711,0.003820,0.232092,0.200573,0.050621,0.015282,0.065637,0.007605
519141,Drew Pomeranz,LAA,L,272,0.239920,0.063933,0.030397,0.022627,0.139044,0.030985,0.000000,0.166302,0.238545,0.060794,0.007453,0.065305,0.013342
519242,Chris Sale,ATL,L,1427,0.311141,0.060967,0.019622,0.021023,0.133847,0.034338,0.005607,0.194113,0.166083,0.041345,0.011913,0.059895,0.010270
527048,Martín Pérez,ATL,L,886,0.179458,0.082393,0.007901,0.031603,0.151241,0.045147,0.003386,0.223477,0.207675,0.053047,0.014673,0.132301,0.020597
542888,Shawn Armstrong,CLE,R,671,0.251863,0.086438,0.011923,0.025335,0.128167,0.043219,0.005961,0.156483,0.225038,0.056632,0.008942,0.122240,0.026341
543037,Gerrit Cole,NYY,R,390,0.254499,0.071979,0.015424,0.028278,0.133676,0.035990,0.002571,0.174807,0.218509,0.053985,0.010283,0.097222,0.000000
543056,Danny Coulombe,BOS,L,330,0.245454,0.087879,0.000000,0.027273,0.130303,0.021212,0.000000,0.215151,0.209091,0.051516,0.012122,0.097761,0.011882
543135,Nathan Eovaldi,TEX,R,1405,0.250889,0.054879,0.009980,0.032071,0.141116,0.040627,0.002138,0.251622,0.159659,0.040627,0.016393,0.060945,0.035645
543243,Sonny Gray,BOS,R,1622,0.268258,0.053153,0.003710,0.030288,0.142773,0.045117,0.008033,0.226793,0.165637,0.041409,0.014829,0.059615,0.017953
544150,Albert Suárez,BAL,R,659,0.191787,0.070018,0.006089,0.030437,0.135470,0.054804,0.003045,0.170484,0.261766,0.065442,0.010657,0.073749,0.028995
547179,Michael Lorenzen,COL,R,1359,0.186902,0.081677,0.013981,0.037527,0.152319,0.047829,0.003679,0.218543,0.194997,0.049301,0.013244,0.075198,0.031285
547184,Michael Kelly,ATH,R,316,0.176282,0.092949,0.012821,0.025641,0.141026,0.032051,0.009615,0.205128,0.233974,0.057692,0.012821,0.191176,0.032967
547973,Aroldis Chapman,BOS,L,547,0.351005,0.109689,0.003657,0.014625,0.095064,0.031079,0.001828,0.131626,0.202925,0.051189,0.007313,0.102070,0.023551
548384,Brooks Raley,NYM,L,176,0.318182,0.056819,0.011364,0.000000,0.090909,0.034090,0.000000,0.170455,0.250000,0.062500,0.005682,0.034585,0.016925
552640,Andrew Kittredge,BAL,R,495,0.266260,0.056911,0.000000,0.034553,0.128049,0.036585,0.006098,0.239837,0.172764,0.042683,0.016260,0.087302,0.047170
554340,Yimi García,TOR,R,243,0.309623,0.083682,0.012552,0.033473,0.083682,0.033473,0.000000,0.158996,0.221757,0.054393,0.008368,0.000000,0.000000
554430,Zack Wheeler,PHI,R,1372,0.305394,0.061953,0.011662,0.028426,0.110058,0.035714,0.005102,0.199708,0.182945,0.045918,0.013120,0.071918,0.015924
571510,Matthew Boyd,CHC,L,921,0.235613,0.062975,0.011944,0.026059,0.144408,0.036916,0.003257,0.178067,0.232356,0.057546,0.010858,0.091954,0.026217
571578,Patrick Corbin,TOR,L,1469,0.188140,0.071576,0.006813,0.034081,0.168372,0.051125,0.006135,0.222908,0.189498,0.047035,0.014315,0.073420,0.035005
571927,Steven Matz,TB,L,668,0.203875,0.056964,0.008993,0.026990,0.151439,0.038988,0.007493,0.215924,0.220373,0.053970,0.014992,0.110448,0.020491
571945,Miles Mikolas,WSH,R,1590,0.160579,0.051632,0.005038,0.044077,0.158682,0.062346,0.005038,0.225446,0.217891,0.054787,0.014483,0.069646,0.033153
571946,Shelby Miller,CHC,R,411,0.253071,0.058968,0.022113,0.034398,0.110565,0.036855,0.000000,0.176904,0.235872,0.058968,0.012285,0.064935,0.058333
571948,Hoby Milner,CHC,L,654,0.192739,0.046264,0.015369,0.021563,0.167935,0.038553,0.006169,0.272747,0.178599,0.044642,0.015422,0.101918,0.053974
572955,Pierce Johnson,CIN,R,548,0.258740,0.080758,0.005507,0.031188,0.146783,0.042170,0.003672,0.170650,0.201816,0.049536,0.009179,0.110847,0.022301
573009,Joe Mantiply,TOR,L,342,0.238953,0.056717,0.005926,0.026858,0.152996,0.056950,0.012005,0.260660,0.140912,0.033016,0.015007,0.063239,0.000000
573124,Taylor Rogers,MIN,L,547,0.245885,0.089916,0.009178,0.025699,0.139403,0.053219,0.003671,0.198203,0.176116,0.045861,0.012850,0.098822,0.043574
573204,Caleb Thielbar,CHC,L,490,0.249033,0.082312,0.000000,0.026775,0.129646,0.036982,0.002055,0.174832,0.232554,0.055538,0.010273,0.065452,0.043635
579328,Yusei Kikuchi,LAA,L,1718,0.249566,0.077550,0.002916,0.030323,0.161512,0.044309,0.001166,0.176677,0.195338,0.048981,0.011661,0.061853,0.036839
592094,Jason Adam,SD,R,555,0.276073,0.074961,0.016454,0.016454,0.122496,0.023768,0.001828,0.202888,0.202914,0.049363,0.012799,0.085741,0.029039
592155,Cam Booser,TB,L,326,0.240741,0.101852,0.006173,0.040123,0.135802,0.033951,0.003086,0.132716,0.237654,0.058642,0.009259,0.021739,0.052083
592332,Kevin Gausman,TOR,R,1723,0.249672,0.064036,0.002912,0.025614,0.126317,0.047151,0.002912,0.193238,0.221205,0.054720,0.012223,0.051909,0.012288
592662,Robbie Ray,SF,L,1091,0.259633,0.097249,0.009176,0.031193,0.104589,0.046789,0.001835,0.152298,0.229350,0.056879,0.011008,0.049135,0.023338
592773,Ryne Stanek,STL,R,589,0.258649,0.119979,0.005123,0.030825,0.150805,0.027320,0.005123,0.118091,0.222522,0.054732,0.006831,0.093126,0.018067
592779,Brock Stewart,LAD,R,226,0.285714,0.084821,0.017857,0.022321,0.151786,0.031250,0.004464,0.138393,0.205357,0.049107,0.008929,0.030303,0.000000
592791,Jameson Taillon,CHC,R,1355,0.188025,0.052577,0.001488,0.039994,0.135401,0.041470,0.002957,0.206465,0.254653,0.063655,0.013315,0.043979,0.011634
592836,Taijuan Walker,PHI,R,1113,0.156334,0.088050,0.006289,0.050314,0.170710,0.045822,0.000899,0.225517,0.194070,0.047619,0.014375,0.071714,0.032790
592866,Trevor Williams,WSH,R,633,0.195893,0.061611,0.003160,0.022117,0.178515,0.041074,0.006319,0.191153,0.230648,0.056872,0.012638,0.054264,0.060440
593958,Eduardo Rodriguez,AZ,L,1131,0.197892,0.080751,0.001775,0.031952,0.158831,0.047932,0.003551,0.208474,0.204958,0.051462,0.012421,0.062601,0.021071
593974,Wandy Peralta,SD,L,553,0.176372,0.080015,0.012735,0.025447,0.154529,0.041789,0.003639,0.294581,0.152710,0.038183,0.020001,0.077049,0.029050
594580,Sam Moll,CIN,L,317,0.251501,0.102075,0.035103,0.022256,0.082664,0.028615,0.003179,0.229467,0.184646,0.044555,0.015940,0.057684,0.026478
594798,Jacob deGrom,TEX,R,848,0.291706,0.050767,0.004716,0.040153,0.115704,0.029501,0.001179,0.178203,0.223152,0.054304,0.010613,0.029880,0.021363
595014,Blake Treinen,LAD,R,368,0.280341,0.090608,0.011003,0.024756,0.118215,0.046696,0.000000,0.200304,0.173129,0.043945,0.011003,0.028196,0.024910
595345,Steven Okert,HOU,L,503,0.266552,0.080124,0.010028,0.026057,0.114292,0.030086,0.007987,0.142232,0.252495,0.062125,0.008023,0.122282,0.037750
596001,Jakob Junis,TEX,R,603,0.199670,0.041604,0.016632,0.021637,0.138110,0.038281,0.004993,0.237916,0.227953,0.056571,0.016632,0.097573,0.017572
596112,Robert Stephenson,LAA,R,42,0.250000,0.050000,0.025000,0.025000,0.050000,0.100000,0.000000,0.175000,0.250000,0.075000,0.000000,0.000000,0.000000
596133,Luke Weaver,NYM,R,669,0.277399,0.077957,0.007498,0.031488,0.089958,0.032982,0.010488,0.160403,0.242863,0.059967,0.008998,0.027350,0.048396
601713,Nick Pivetta,SD,R,1496,0.285132,0.068270,0.002678,0.033471,0.122489,0.036141,0.004017,0.159981,0.222224,0.055556,0.010042,0.053094,0.023901
605130,Scott Barlow,ATH,R,621,0.260516,0.128582,0.016247,0.027714,0.107417,0.035838,0.001624,0.203559,0.166375,0.040755,0.011373,0.037420,0.051923
605135,Chris Bassitt,BAL,R,1635,0.211279,0.085116,0.023267,0.026332,0.173907,0.040416,0.002450,0.205145,0.175138,0.044090,0.012860,0.083884,0.033515
605280,Clay Holmes,NYM,R,1172,0.196589,0.092303,0.013679,0.017950,0.151288,0.035899,0.000855,0.299988,0.136751,0.035041,0.019657,0.061181,0.040097
605288,Adrian Houser,SF,R,1007,0.159881,0.080437,0.011916,0.018868,0.159881,0.061569,0.003972,0.271103,0.170804,0.043694,0.017875,0.094406,0.022523
605397,Joe Musgrove,SD,R,410,0.246341,0.056098,0.024390,0.034146,0.143902,0.051220,0.000000,0.200000,0.185366,0.046341,0.012195,0.126437,0.021053
605400,Aaron Nola,PHI,R,1434,0.244770,0.062762,0.004881,0.039749,0.142260,0.044631,0.005579,0.218968,0.178521,0.043933,0.013946,0.053910,0.009433
605447,Jordan Romano,LAA,R,300,0.271693,0.083863,0.013435,0.047020,0.117551,0.040303,0.000000,0.144368,0.221363,0.050328,0.010076,0.040303,0.052935
605483,Blake Snell,LAD,L,672,0.323398,0.102832,0.001490,0.013413,0.123696,0.034277,0.001490,0.186289,0.160954,0.040238,0.011923,0.045113,0.022222
605488,Jeffrey Springs,ATH,L,1059,0.207742,0.078375,0.003778,0.031162,0.123701,0.044382,0.000000,0.182247,0.254958,0.062324,0.011332,0.063620,0.035686
605540,Brandon Woodruff,MIL,R,418,0.285988,0.048044,0.014421,0.038470,0.122575,0.040890,0.000000,0.134675,0.245214,0.060092,0.009629,0.016858,0.030029
606303,Joel Payamps,ATL,R,393,0.247358,0.064428,0.010320,0.036049,0.103058,0.056688,0.012900,0.195935,0.206255,0.054108,0.012900,0.048115,0.038998
606996,Kyle Hart,SD,L,290,0.182759,0.086206,0.010345,0.031035,0.110345,0.062069,0.000000,0.210344,0.234483,0.058621,0.013793,0.018104,0.050871
607067,Colin Rea,CHC,R,1517,0.192611,0.062665,0.012533,0.034302,0.153693,0.042877,0.002639,0.216356,0.214382,0.054090,0.013851,0.077482,0.035821
607074,Carlos Rodón,NYY,L,1525,0.260984,0.085246,0.012459,0.034754,0.113443,0.038689,0.002623,0.180984,0.207213,0.051803,0.011803,0.068027,0.012658
607192,Tyler Glasnow,LAD,R,1077,0.309767,0.082799,0.002791,0.026976,0.093022,0.044652,0.004648,0.200947,0.176727,0.043718,0.013954,0.070615,0.032990
607200,Erick Fedde,CWS,R,1505,0.177526,0.083779,0.006648,0.029255,0.146276,0.045213,0.003989,0.214097,0.223404,0.055851,0.013963,0.096670,0.023900
607259,Nick Martinez,TB,R,1407,0.182921,0.046264,0.007830,0.029891,0.133100,0.056943,0.002136,0.225617,0.240568,0.060496,0.014235,0.065334,0.028584
607455,Anthony Banda,MIN,L,579,0.231171,0.079444,0.022747,0.026453,0.132267,0.042123,0.003538,0.192165,0.204801,0.051221,0.014069,0.035240,0.032790
607481,Aaron Bummer,ATL,L,524,0.249081,0.065592,0.030864,0.009659,0.156489,0.050184,0.005796,0.252898,0.131185,0.032796,0.015456,0.050172,0.075115
607536,Kyle Freeland,COL,L,1400,0.177394,0.052931,0.013584,0.033622,0.175970,0.045066,0.007153,0.225316,0.203153,0.051503,0.014306,0.089238,0.024813
607625,Seth Lugo,KC,R,1654,0.210654,0.072033,0.009082,0.026033,0.138015,0.041162,0.006052,0.229412,0.202182,0.050848,0.014527,0.088087,0.011812
608032,Carlos Estévez,KC,R,488,0.217573,0.054393,0.010460,0.023013,0.125523,0.033473,0.006276,0.146444,0.299163,0.075314,0.008368,0.040541,0.011173
608331,Max Fried,NYY,L,1770,0.227815,0.069532,0.013001,0.015264,0.149238,0.026569,0.004523,0.276429,0.159971,0.040133,0.017524,0.073260,0.020006
608371,Lucas Sims,CWS,R,347,0.216138,0.144092,0.034582,0.028818,0.112392,0.046110,0.005764,0.129683,0.219020,0.054755,0.008646,0.083985,0.031874
608372,Tomoyuki Sugano,COL,R,842,0.165466,0.051192,0.009527,0.051185,0.147661,0.034518,0.003573,0.236871,0.229765,0.055956,0.014285,0.055349,0.020640
608379,Michael Wacha,KC,R,1577,0.196946,0.064802,0.007622,0.022237,0.149313,0.040661,0.006354,0.206482,0.233793,0.058448,0.013341,0.133214,0.017645
608566,Germán Márquez,SD,R,748,0.142275,0.079206,0.008059,0.044278,0.183862,0.057740,0.008059,0.179888,0.228178,0.056373,0.012082,0.067890,0.019099
608650,Dietrich Enns,BAL,L,220,0.259259,0.074074,0.000000,0.027778,0.175926,0.032407,0.004630,0.199074,0.171296,0.041667,0.013889,0.065217,0.043478
608718,Brent Suter,LAA,L,684,0.203156,0.055925,0.007334,0.035267,0.148427,0.041221,0.007396,0.222042,0.210139,0.052895,0.016198,0.061778,0.016091
621051,Steven Wilson,TB,R,404,0.214646,0.101010,0.015152,0.037879,0.126263,0.035354,0.000000,0.126263,0.267677,0.068182,0.007576,0.037736,0.075188
621053,Tyler Ferguson,ATH,R,453,0.258352,0.120267,0.013363,0.017817,0.111359,0.026726,0.011136,0.169265,0.209354,0.051225,0.011136,0.111111,0.042735
621107,Zach Eflin,BAL,R,1010,0.189109,0.038614,0.004950,0.040594,0.165347,0.047525,0.001980,0.235644,0.208911,0.052475,0.014851,0.039526,0.022727
621111,Walker Buehler,SD,R,1048,0.176858,0.099427,0.018164,0.039201,0.160614,0.032508,0.005733,0.223701,0.183563,0.045892,0.014339,0.107886,0.016343
621112,Paul Blackburn,NYY,R,551,0.185117,0.065335,0.007260,0.032668,0.176044,0.043558,0.009074,0.245009,0.176043,0.045372,0.014519,0.070795,0.031979
621121,Lance McCullers Jr.,HOU,R,419,0.248771,0.126817,0.016759,0.026329,0.138758,0.055006,0.002395,0.208122,0.129196,0.033496,0.014350,0.113989,0.000000
621237,José Alvarado,PHI,L,448,0.259506,0.096192,0.008940,0.022378,0.172220,0.022378,0.004476,0.183460,0.174515,0.044745,0.011189,0.055106,0.019593
621242,Edwin Díaz,LAD,R,553,0.381039,0.090803,0.025445,0.023637,0.114570,0.018083,0.001808,0.152157,0.147120,0.036296,0.009042,0.042124,0.030172
621244,José Berríos,TOR,R,1484,0.196622,0.072297,0.013514,0.038514,0.144595,0.034459,0.004054,0.228378,0.202027,0.050676,0.014865,0.105556,0.010695
621345,A.J. Minter,NYM,L,178,0.276836,0.084746,0.005650,0.033898,0.118644,0.016949,0.000000,0.220339,0.186441,0.045198,0.011299,0.073171,0.000000
621366,Ryan Borucki,SF,L,260,0.208537,0.096531,0.007728,0.046298,0.146675,0.054062,0.000000,0.243261,0.146711,0.038605,0.011593,0.078915,0.042406
621381,Matt Strahm,KC,L,562,0.292886,0.062494,0.019636,0.021422,0.098219,0.046430,0.003573,0.116068,0.264276,0.067852,0.007145,0.043552,0.043552
621383,Tanner Banks,PHI,L,637,0.246043,0.053645,0.006312,0.023667,0.159296,0.031540,0.004734,0.217691,0.197131,0.047318,0.012623,0.068681,0.039747
622491,Luis Castillo,SEA,R,1608,0.232253,0.062889,0.009338,0.030512,0.141964,0.050434,0.003114,0.202365,0.203617,0.050438,0.013075,0.081387,0.011969
622554,Seranthony Domínguez,CWS,R,586,0.280831,0.111291,0.006852,0.034244,0.121575,0.027406,0.001713,0.169509,0.190069,0.046234,0.010277,0.057985,0.014458
622608,Antonio Senzatela,COL,R,759,0.149387,0.079359,0.010585,0.033080,0.190520,0.052929,0.005294,0.242057,0.178577,0.043656,0.014555,0.103181,0.029433
622663,Luis Severino,ATH,R,1646,0.204493,0.090061,0.016435,0.023740,0.155814,0.037130,0.003041,0.216076,0.191127,0.048085,0.013999,0.090196,0.019673
623149,Paul Sewald,AZ,R,305,0.282846,0.049369,0.009874,0.052609,0.098712,0.052660,0.006557,0.082256,0.286175,0.072358,0.006583,0.034361,0.028011
623211,Huascar Brazobán,NYM,R,553,0.219209,0.092408,0.012683,0.014496,0.141303,0.023548,0.007247,0.244547,0.182966,0.045291,0.016300,0.092431,0.032005
623352,Josh Hader,HOU,L,484,0.375519,0.082988,0.006224,0.041494,0.074689,0.031120,0.002075,0.109959,0.215768,0.053942,0.006224,0.089286,0.015385
623437,Justin Topa,MIN,R,370,0.179892,0.065351,0.010918,0.013595,0.193405,0.051811,0.000000,0.258865,0.168919,0.040892,0.016352,0.069196,0.064864
623454,Drew Anderson,DET,R,117,0.213675,0.136752,0.025641,0.051282,0.076923,0.051282,0.000000,0.213675,0.170940,0.042735,0.017094,0.000000,0.000000
623465,Evan Phillips,LAD,R,250,0.277108,0.072289,0.004016,0.024096,0.140562,0.044177,0.000000,0.204819,0.176707,0.044177,0.012048,0.055556,0.036364
623474,Jimmy Herget,COL,R,483,0.236525,0.060178,0.016597,0.016603,0.141085,0.045641,0.002075,0.170120,0.240640,0.060159,0.010376,0.080854,0.051506
624133,Ranger Suarez,BOS,L,1413,0.224670,0.063074,0.007797,0.024095,0.168668,0.042525,0.002834,0.244508,0.165841,0.040398,0.015591,0.076112,0.013686
625643,Reynaldo López,ATL,R,631,0.256735,0.077655,0.004754,0.022187,0.134707,0.041204,0.003170,0.198098,0.199683,0.049128,0.012678,0.105263,0.038217
628452,Raisel Iglesias,ATL,R,582,0.270368,0.041619,0.008670,0.020810,0.110922,0.034651,0.003469,0.204439,0.233983,0.058929,0.012139,0.096209,0.017636
640448,Kyle Finnegan,DET,R,568,0.220739,0.101238,0.001781,0.023154,0.142410,0.021374,0.010687,0.234824,0.183274,0.046269,0.014250,0.098109,0.030974
640451,Hunter Harvey,CHC,R,294,0.253438,0.058220,0.017131,0.030786,0.130121,0.065098,0.003427,0.229455,0.157530,0.041089,0.013705,0.042035,0.000000
640455,Sean Manaea,NYM,L,1136,0.247584,0.081935,0.014098,0.032599,0.126870,0.036125,0.003522,0.177974,0.214095,0.053744,0.011453,0.070053,0.013307
640462,A.J. Puk,AZ,L,329,0.305810,0.085627,0.009174,0.021407,0.094801,0.061162,0.003058,0.159021,0.201835,0.048930,0.009174,0.036364,0.012195
641154,Pablo López,MIN,R,1084,0.250462,0.056377,0.011091,0.029575,0.152495,0.042514,0.000924,0.203327,0.192237,0.048059,0.012939,0.059829,0.026923
641302,Tyler Alexander,TEX,L,962,0.197903,0.057579,0.010460,0.033524,0.165443,0.041889,0.004190,0.173815,0.243982,0.060738,0.010476,0.079846,0.034653
641312,Shaun Anderson,LAA,R,243,0.160494,0.065843,0.016461,0.049383,0.213991,0.041152,0.004115,0.189300,0.197531,0.053498,0.008231,0.159979,0.016004
641329,Bryan Baker,TB,R,422,0.298578,0.059242,0.000000,0.045024,0.116113,0.040285,0.007109,0.196682,0.182464,0.045024,0.009478,0.108057,0.020236
641401,Connor Brogdon,CLE,R,282,0.251728,0.082828,0.000000,0.064795,0.097254,0.046763,0.003606,0.154535,0.237302,0.053976,0.007214,0.094169,0.025299
641729,Joe Jiménez,ATL,R,277,0.297101,0.079710,0.014493,0.007246,0.123188,0.032609,0.000000,0.155797,0.224638,0.054348,0.010870,0.065217,0.025974
641743,Anthony Kay,CWS,L,192,0.171875,0.125000,0.031250,0.031250,0.062500,0.046875,0.000000,0.250000,0.218750,0.046875,0.015625,0.000000,0.000000
641745,Brad Keller,PHI,R,549,0.224043,0.076503,0.014572,0.029144,0.147540,0.027323,0.000000,0.262295,0.160291,0.040073,0.018215,0.067479,0.000000
641755,Tyler Kinley,ATL,R,653,0.247305,0.098937,0.007733,0.026292,0.119012,0.038665,0.003093,0.188489,0.208640,0.051008,0.010826,0.024159,0.029941
641778,Eric Lauer,TOR,L,572,0.236438,0.082278,0.003504,0.038523,0.110343,0.049043,0.008753,0.140113,0.257448,0.066548,0.007008,0.045754,0.005373
641793,Zack Littell,WSH,R,1571,0.188387,0.049160,0.007664,0.042779,0.152618,0.041513,0.001916,0.208159,0.235644,0.058752,0.013408,0.090046,0.010682
641816,Tyler Mahle,SF,R,594,0.203704,0.090909,0.001684,0.020202,0.163299,0.028620,0.008417,0.223906,0.198653,0.047138,0.013468,0.106466,0.011887
641835,Tim Mayza,PHI,L,347,0.202743,0.060896,0.008705,0.020312,0.147908,0.046427,0.005804,0.266640,0.179689,0.046368,0.014508,0.031167,0.065742
641927,Bailey Ober,MIN,R,1510,0.219867,0.056953,0.007285,0.039735,0.124504,0.053643,0.003311,0.162913,0.256954,0.064239,0.010595,0.069139,0.023204
641941,Emilio Pagán,CIN,R,531,0.282036,0.087278,0.009540,0.041727,0.107887,0.037850,0.000000,0.124976,0.240557,0.060601,0.007550,0.102970,0.031456
642100,Gabe Speier,SEA,L,415,0.324142,0.055878,0.022035,0.017007,0.119724,0.043901,0.004860,0.168824,0.187580,0.048760,0.007289,0.047018,0.125756
642121,Cole Sulser,TB,R,275,0.212584,0.098867,0.000000,0.018296,0.157468,0.047502,0.003675,0.208757,0.190575,0.051290,0.010985,0.068470,0.077968
642207,Devin Williams,NYM,R,410,0.365214,0.098042,0.014714,0.014714,0.110249,0.044116,0.002453,0.159350,0.144582,0.036758,0.009809,0.027617,0.014024
642232,Ryan Yarbrough,NYY,L,710,0.183877,0.073542,0.024039,0.033954,0.130128,0.024051,0.002823,0.224918,0.230532,0.057987,0.014148,0.051864,0.015001
642239,Rob Zastryzny,MIL,L,122,0.211864,0.067797,0.016949,0.025424,0.118644,0.025424,0.000000,0.220339,0.237288,0.059322,0.016949,0.035714,0.057143
642397,Gregory Soto,PIT,L,619,0.282848,0.097521,0.035777,0.017876,0.149691,0.030919,0.003255,0.191859,0.143086,0.035777,0.011391,0.048116,0.036332
642528,Jonathan Loáisiga,AZ,R,242,0.193071,0.033805,0.012676,0.029580,0.184806,0.058785,0.000000,0.264720,0.163772,0.041976,0.016809,0.074548,0.057870
642547,Freddy Peralta,NYM,R,1665,0.280649,0.091347,0.013221,0.032452,0.120792,0.030650,0.000601,0.179083,0.192310,0.047476,0.011419,0.052265,0.012206
642585,Félix Bautista,BAL,R,142,0.352113,0.161972,0.000000,0.021127,0.063380,0.028169,0.000000,0.183099,0.140845,0.035211,0.014085,0.000000,0.000000
642701,Dennis Santana,PIT,R,632,0.229430,0.075949,0.011077,0.014241,0.104430,0.041139,0.007912,0.207278,0.235759,0.060127,0.012658,0.058329,0.032357
642759,Julian Fernández,WSH,R,20,0.250000,0.100000,0.000000,0.100000,0.050000,0.000000,0.000000,0.300000,0.150000,0.050000,0.000000,0.000000,0.000000
643377,Griffin Jax,TB,R,633,0.322329,0.066928,0.004789,0.022315,0.151447,0.030329,0.006385,0.205687,0.143532,0.035085,0.011174,0.045140,0.043425
643410,Mark Leiter Jr.,ATH,R,561,0.264318,0.073223,0.017853,0.028570,0.191042,0.033936,0.003572,0.183919,0.155349,0.037501,0.010717,0.065672,0.009481
643511,Tyler Rogers,TOR,R,673,0.172036,0.021203,0.012004,0.016506,0.170431,0.031510,0.001500,0.353257,0.156640,0.040710,0.024204,0.047979,0.029765
645261,Sandy Alcantara,MIA,R,1033,0.193797,0.068803,0.011629,0.024227,0.133723,0.040705,0.000000,0.249029,0.209292,0.052323,0.016472,0.043854,0.035146
646241,Enmanuel De Jesus,DET,L,87,0.241379,0.137931,0.000000,0.000000,0.206897,0.034483,0.000000,0.137931,0.206897,0.034483,0.000000,0.000000,0.000000
647315,Zach Pop,PHI,R,323,0.162900,0.081426,0.018763,0.040853,0.128704,0.046951,0.000000,0.297888,0.162946,0.040759,0.018809,0.068039,0.117784
647336,Michael Soroka,AZ,R,902,0.264136,0.097671,0.027744,0.029970,0.114319,0.041059,0.005551,0.193127,0.170928,0.042178,0.013318,0.031150,0.025043
650556,Bryan Abreu,HOU,R,697,0.335724,0.126256,0.014347,0.031563,0.121952,0.027259,0.001435,0.124821,0.169297,0.040172,0.007174,0.061502,0.012994
650633,Michael King,SD,R,1238,0.261103,0.090063,0.011359,0.025939,0.124851,0.043836,0.001620,0.187357,0.193857,0.047847,0.012169,0.112732,0.006744
650644,Aaron Civale,ATH,R,1270,0.210896,0.078234,0.010254,0.040285,0.130279,0.047355,0.000000,0.180159,0.232228,0.058450,0.011861,0.080019,0.019157
650911,Cristopher Sánchez,PHI,L,1768,0.245475,0.056561,0.003394,0.013009,0.166856,0.049208,0.001131,0.281108,0.132353,0.032806,0.018100,0.077343,0.006779
655889,Manuel Rodríguez,TB,R,279,0.213768,0.057971,0.021739,0.018116,0.155797,0.025362,0.000000,0.278986,0.166667,0.043478,0.018116,0.097561,0.034483
656222,Jalen Beeks,TEX,L,617,0.185990,0.075063,0.008162,0.019587,0.164723,0.034278,0.001633,0.234867,0.212061,0.050578,0.013059,0.077867,0.024918
656234,Jake Bird,NYY,R,503,0.238866,0.096449,0.020058,0.024123,0.154613,0.052222,0.002010,0.226893,0.136565,0.036140,0.012062,0.083902,0.046184
656271,Brock Burke,CIN,L,477,0.241954,0.074263,0.010630,0.025512,0.133880,0.048810,0.008505,0.248331,0.152897,0.040335,0.014883,0.126174,0.065317
656288,Griffin Canning,SD,R,1067,0.187617,0.093809,0.005629,0.036585,0.152908,0.035647,0.003752,0.217636,0.201689,0.050657,0.014071,0.089069,0.033457
656302,Dylan Cease,TOR,R,1685,0.307896,0.095879,0.005954,0.023236,0.125063,0.044083,0.001191,0.159631,0.182266,0.045270,0.009532,0.065258,0.028126
656427,Jack Flaherty,DET,R,1528,0.277672,0.084474,0.011786,0.032746,0.135560,0.036019,0.003930,0.177473,0.182711,0.045841,0.011788,0.072867,0.005728
656457,Tyler Gilbert,CWS,L,259,0.207031,0.093750,0.011719,0.027344,0.128906,0.046875,0.000000,0.167969,0.242188,0.062500,0.011719,0.065217,0.012821
656464,Kevin Ginkel,AZ,R,483,0.248447,0.070394,0.010352,0.016563,0.157349,0.066252,0.002070,0.194617,0.178054,0.045548,0.010352,0.071964,0.054760
656492,Foster Griffin,WSH,L,149,0.228188,0.080537,0.020134,0.040269,0.127517,0.040269,0.000000,0.201342,0.187919,0.053691,0.020134,0.092319,0.000000
656529,Sam Hentges,SF,L,91,0.300000,0.055556,0.000000,0.033333,0.100000,0.066667,0.000000,0.244444,0.155556,0.033333,0.011111,0.173913,0.000000
656546,Jeff Hoffman,TOR,R,648,0.342573,0.068335,0.010859,0.037311,0.120017,0.035677,0.003102,0.156999,0.172346,0.043473,0.009308,0.036351,0.020143
656550,Grant Holmes,ATL,R,987,0.238842,0.091453,0.009151,0.029472,0.140265,0.031506,0.001017,0.200212,0.195085,0.049786,0.013211,0.090245,0.031051
656557,Tanner Houck,BOS,R,946,0.197034,0.067797,0.022246,0.022246,0.166314,0.037076,0.000000,0.282839,0.149364,0.037076,0.018008,0.073944,0.034091
656605,Mitch Keller,PIT,R,1729,0.202207,0.067207,0.014487,0.025496,0.141948,0.050407,0.007533,0.213213,0.211456,0.052141,0.013905,0.069546,0.020653
656638,Alex Lange,KC,R,178,0.269663,0.174158,0.028090,0.000000,0.095506,0.089888,0.000000,0.174157,0.129213,0.033708,0.005618,0.062309,0.000000
656641,Jacob Latz,TEX,L,641,0.226361,0.103807,0.001574,0.023580,0.118026,0.029890,0.004721,0.176080,0.245220,0.061298,0.009443,0.102604,0.015974
656730,Trevor Megill,MIL,R,439,0.289488,0.076286,0.006876,0.016234,0.134185,0.039344,0.000000,0.180486,0.196885,0.050940,0.009277,0.074601,0.045213
656731,Tylor Megill,NYM,R,642,0.280811,0.101404,0.017161,0.021841,0.138846,0.039002,0.003120,0.166927,0.176287,0.043682,0.010920,0.043860,0.035461
656756,Jordan Montgomery,TEX,L,532,0.157197,0.077652,0.003788,0.026515,0.174242,0.075758,0.005682,0.217803,0.198864,0.049242,0.013258,0.073770,0.030534
656794,Sean Newcomb,CWS,L,559,0.228268,0.083334,0.010848,0.012655,0.182970,0.041682,0.005473,0.237543,0.146535,0.036179,0.014512,0.109919,0.017665
656848,Michael Petersen,MIA,R,244,0.203227,0.111892,0.004163,0.037341,0.137003,0.037471,0.000000,0.124642,0.269581,0.066354,0.008327,0.028103,0.025800
656849,David Peterson,NYM,L,1449,0.202489,0.088459,0.009676,0.013133,0.171379,0.045613,0.004145,0.263304,0.148587,0.036629,0.016586,0.083927,0.072748
656876,Drew Rasmussen,TB,R,800,0.236540,0.055073,0.006259,0.027534,0.141432,0.025032,0.000000,0.261578,0.185226,0.045056,0.016270,0.085544,0.011093
656945,Tanner Scott,LAD,L,595,0.282713,0.081863,0.008528,0.028944,0.132878,0.023876,0.003411,0.206190,0.175392,0.044268,0.011938,0.084034,0.016075
656986,Bennett Sousa,HOU,L,199,0.296482,0.075377,0.000000,0.020101,0.110553,0.055276,0.000000,0.190955,0.190955,0.050251,0.010050,0.100000,0.041667
657006,Justin Steele,CHC,L,647,0.241113,0.064915,0.007728,0.026275,0.136012,0.041731,0.000000,0.225657,0.194745,0.047913,0.013910,0.045161,0.025478
657044,Ryan Thompson,AZ,R,514,0.197312,0.059259,0.005900,0.017700,0.153393,0.041560,0.007867,0.297869,0.161978,0.039463,0.017700,0.056008,0.020417
657097,Jacob Webb,CHC,R,579,0.229166,0.100648,0.005211,0.034700,0.116300,0.033003,0.000000,0.187477,0.225771,0.057301,0.010422,0.050662,0.011595
657277,Logan Webb,SF,R,1960,0.228854,0.058389,0.005637,0.013306,0.177173,0.047095,0.005125,0.288285,0.126469,0.031231,0.018436,0.088599,0.029021
657376,Clarke Schmidt,NYY,R,669,0.248132,0.089686,0.014948,0.025411,0.124066,0.034380,0.005979,0.174888,0.216741,0.053812,0.011958,0.104000,0.038674
657424,Matt Gage,SF,L,212,0.203780,0.099472,0.009493,0.000000,0.175449,0.037944,0.000000,0.236946,0.184763,0.042660,0.009493,0.134495,0.000000
657514,Brennan Bernardino,COL,L,527,0.217938,0.083652,0.017522,0.013628,0.142025,0.046681,0.001948,0.241207,0.177006,0.042799,0.015594,0.029376,0.044526
657571,Caleb Ferguson,CIN,L,519,0.229126,0.083495,0.019417,0.015534,0.155340,0.042718,0.000000,0.229126,0.166990,0.042718,0.015534,0.047619,0.037037
657585,Reed Garrett,NYM,R,485,0.304979,0.109959,0.006224,0.022822,0.134855,0.043568,0.000000,0.178423,0.151452,0.037344,0.010373,0.065934,0.021978
657612,Tim Hill,NYY,L,618,0.125798,0.049052,0.003270,0.016351,0.187965,0.026161,0.000000,0.395347,0.135625,0.034303,0.026127,0.073225,0.038635
657649,Jared Koenig,MIL,L,546,0.250929,0.070632,0.014870,0.018587,0.156134,0.033457,0.003717,0.204461,0.187732,0.046468,0.013011,0.085470,0.007937
657746,Joe Ryan,MIN,R,1458,0.275720,0.054185,0.015089,0.032236,0.114540,0.048697,0.004115,0.164609,0.224280,0.055555,0.010974,0.067027,0.024336
657756,Connor Seabold,DET,R,128,0.226562,0.117188,0.000000,0.015625,0.179687,0.007812,0.000000,0.164062,0.226563,0.054688,0.007812,0.000000,0.111514
660604,Alan Rangel,PHI,R,46,0.173913,0.130435,0.000000,0.021739,0.130435,0.065217,0.000000,0.173913,0.239130,0.065217,0.000000,0.250000,0.000000
660761,José Suarez,ATL,L,410,0.246914,0.114909,0.009785,0.019568,0.151545,0.066003,0.009785,0.193185,0.139399,0.036677,0.012231,0.162374,0.025573
660787,Yerry De los Santos,NYY,R,160,0.175000,0.106250,0.006250,0.006250,0.187500,0.037500,0.000000,0.281250,0.143750,0.037500,0.018750,0.104167,0.034483
660813,Brusdar Graterol,LAD,R,27,0.259259,0.074074,0.000000,0.000000,0.111111,0.000000,0.000000,0.296296,0.222222,0.037037,0.000000,0.000000,0.000000
660825,Eduard Bazardo,SEA,R,489,0.264915,0.088280,0.004109,0.022597,0.129357,0.018480,0.002054,0.178689,0.225818,0.055429,0.010272,0.121882,0.048302
660853,Enyel De Los Santos,HOU,R,609,0.224444,0.080867,0.011555,0.044552,0.115532,0.062692,0.003301,0.181491,0.211213,0.054448,0.009904,0.097299,0.006292
661395,Jhoan Duran,PHI,R,584,0.292349,0.048488,0.015585,0.012122,0.155699,0.039791,0.001732,0.285461,0.103786,0.027669,0.017317,0.034204,0.040492
661563,Luis Gil,NYY,R,919,0.235301,0.126361,0.011980,0.027231,0.095861,0.045753,0.002179,0.163394,0.225491,0.056645,0.009804,0.051471,0.011550
662253,Andrés Muñoz,SEA,R,547,0.340707,0.099964,0.012978,0.020343,0.103723,0.018515,0.000000,0.214812,0.140779,0.035201,0.012978,0.056738,0.041165
663158,Robert Suarez,ATL,R,593,0.262689,0.054240,0.003391,0.022044,0.142356,0.022044,0.001696,0.208429,0.215304,0.055937,0.011870,0.101010,0.012024
663362,Matt Waldron,SD,R,650,0.209553,0.070878,0.016949,0.033898,0.146379,0.049307,0.003082,0.181818,0.220339,0.055470,0.012327,0.079365,0.016760
663372,Ryan Feltner,COL,R,953,0.190976,0.079748,0.007345,0.030430,0.158447,0.049318,0.002098,0.226653,0.190976,0.048269,0.015739,0.086556,0.022061
663436,Davis Martin,CWS,R,1005,0.192416,0.081763,0.013958,0.029911,0.147563,0.045855,0.002992,0.221352,0.199387,0.049848,0.014956,0.104536,0.020689
663460,Kris Bubic,KC,L,777,0.275481,0.077592,0.003885,0.018099,0.117821,0.043984,0.009050,0.229003,0.168166,0.042689,0.014230,0.078320,0.031014
663465,Kolby Allard,CLE,L,476,0.189563,0.048916,0.004270,0.034122,0.176594,0.053300,0.006365,0.193568,0.225289,0.055255,0.012758,0.092032,0.021043
663485,Cole Sands,MIN,R,653,0.247325,0.058355,0.015364,0.021505,0.150525,0.035338,0.004609,0.199685,0.204310,0.050693,0.012292,0.071784,0.080075
663542,Bryan Hudson,CWS,L,382,0.253350,0.105480,0.021087,0.023776,0.097507,0.029060,0.002642,0.208440,0.197944,0.050147,0.010567,0.072775,0.095587
663554,Casey Mize,DET,R,1267,0.210106,0.063979,0.003950,0.030016,0.166670,0.048970,0.006320,0.209326,0.197472,0.049762,0.013428,0.081612,0.047714
663556,Shane McClanahan,TB,L,108,0.250000,0.194444,0.000000,0.000000,0.083333,0.000000,0.000000,0.194444,0.222222,0.055556,0.000000,0.000000,0.000000
663558,Jovani Morán,BOS,L,108,0.311728,0.084568,0.000000,0.028395,0.065432,0.047531,0.009259,0.188889,0.198148,0.056790,0.009259,0.000000,0.000000
663559,Bailey Falter,KC,L,1127,0.161778,0.082667,0.000889,0.032889,0.141333,0.056000,0.001778,0.203556,0.244444,0.061333,0.013333,0.143443,0.026163
663568,Stephen Kolek,KC,R,672,0.173134,0.062687,0.014925,0.019403,0.179104,0.032836,0.002985,0.289552,0.165672,0.041791,0.017910,0.101942,0.035971
663574,Tony Santillan,CIN,R,495,0.295536,0.107265,0.010124,0.022272,0.101228,0.028346,0.004049,0.170037,0.200409,0.050609,0.010124,0.112626,0.007974
663623,Jake Irvin,WSH,R,1726,0.187244,0.076519,0.005798,0.043478,0.140290,0.047538,0.003478,0.223195,0.206954,0.051594,0.013913,0.090952,0.012698
663687,Hogan Harris,ATH,L,717,0.214062,0.125491,0.005624,0.016871,0.132359,0.045070,0.002812,0.184499,0.208419,0.052100,0.012694,0.093033,0.021294
663704,James McArthur,KC,R,247,0.200000,0.048980,0.012245,0.032653,0.200000,0.040816,0.004082,0.265306,0.142857,0.036735,0.016327,0.086957,0.022727
663738,Daniel Lynch IV,KC,L,533,0.199227,0.090220,0.020676,0.026321,0.124075,0.039473,0.000000,0.248116,0.189858,0.046993,0.015041,0.071649,0.023332
663765,Jake Woodford,MIL,R,420,0.152736,0.064437,0.014325,0.028637,0.186148,0.050138,0.004775,0.221968,0.210010,0.054886,0.011938,0.064420,0.027880
663767,Chase Shugart,PHI,R,217,0.181395,0.083721,0.004651,0.032558,0.111628,0.037209,0.009302,0.181395,0.279070,0.069767,0.009302,0.073171,0.040000
663773,Bryan Hoeing,SD,R,246,0.195918,0.065306,0.000000,0.016327,0.159184,0.028571,0.008163,0.277551,0.187755,0.044898,0.016327,0.083333,0.017544
663776,Patrick Sandoval,BOS,L,353,0.230769,0.094017,0.008547,0.022792,0.173789,0.045584,0.000000,0.199430,0.170940,0.042735,0.011396,0.148649,0.026667
663795,Justin Hagenman,NYM,R,99,0.232323,0.020202,0.010101,0.040404,0.151515,0.050505,0.000000,0.181818,0.242424,0.060606,0.010101,0.000000,0.000000
663855,Jordan Hicks,CWS,R,885,0.189136,0.112099,0.019256,0.020388,0.160821,0.050957,0.005664,0.249163,0.142685,0.035105,0.014726,0.087861,0.039570
663878,Nate Pearson,HOU,R,360,0.225627,0.083565,0.011142,0.038997,0.158774,0.050139,0.000000,0.161560,0.206128,0.052925,0.011142,0.080645,0.096774
663893,Brendon Little,TOR,L,512,0.263366,0.118812,0.005941,0.023762,0.134653,0.033663,0.003960,0.295050,0.083168,0.019802,0.017822,0.082278,0.038462
663903,Brady Singer,CIN,R,1655,0.224773,0.074320,0.016314,0.028399,0.147432,0.051359,0.007251,0.219940,0.172809,0.042901,0.014501,0.077325,0.027076
663941,Tristan Beck,SF,R,299,0.183946,0.066890,0.010033,0.030100,0.127090,0.040134,0.006689,0.217391,0.244147,0.060201,0.013378,0.057971,0.043956
663947,Tyler Holton,DET,L,741,0.211098,0.059520,0.009466,0.029775,0.117733,0.023009,0.002707,0.276048,0.204331,0.050069,0.016242,0.092736,0.026492
663969,Tyler Phillips,MIA,R,590,0.189830,0.074576,0.011864,0.028814,0.145763,0.033898,0.001695,0.279662,0.174576,0.042372,0.016949,0.081903,0.008063
663978,Chris Paddack,MIA,R,1233,0.185726,0.058395,0.005677,0.042984,0.165451,0.043796,0.003244,0.203568,0.222223,0.055961,0.012976,0.063766,0.030873
663992,Richard Lovelady,NYM,L,235,0.188841,0.081545,0.025751,0.030043,0.154506,0.047210,0.000000,0.266094,0.150215,0.038627,0.017167,0.075758,0.068182
664074,Cody Ponce,TOR,R,10,0.300000,0.100000,0.000000,0.000000,0.000000,0.100000,0.000000,0.300000,0.200000,0.000000,0.000000,0.000000,0.000000
664076,Garrett Cleavinger,TB,L,523,0.298851,0.099617,0.026820,0.028736,0.132184,0.015326,0.005747,0.170498,0.168582,0.042146,0.011494,0.063158,0.045455
664126,Pete Fairbanks,MIA,R,480,0.253106,0.075319,0.002092,0.029279,0.133878,0.029298,0.002092,0.213438,0.198734,0.050206,0.012557,0.043829,0.008524
664141,JT Brubaker,SF,R,213,0.183979,0.131945,0.004727,0.014117,0.141530,0.051871,0.004727,0.240578,0.169895,0.042481,0.014150,0.234335,0.000000
664199,Taylor Clarke,AZ,R,288,0.204861,0.031250,0.013889,0.038195,0.125000,0.031249,0.003472,0.288194,0.194445,0.048611,0.020833,0.101871,0.000000
664208,Phil Maton,CHC,R,537,0.273408,0.089888,0.033708,0.020599,0.112360,0.041199,0.003745,0.192884,0.176030,0.043071,0.013109,0.081818,0.025641
664285,Framber Valdez,DET,L,1739,0.225417,0.079356,0.009201,0.016101,0.152962,0.041403,0.002876,0.300173,0.122485,0.030477,0.019551,0.102533,0.046285
664299,Cristian Javier,HOU,R,355,0.183099,0.121127,0.008451,0.025352,0.132394,0.047887,0.005634,0.135211,0.264789,0.067606,0.008451,0.117647,0.025424
664353,José Urquidy,PIT,R,85,0.247059,0.082353,0.000000,0.000000,0.211764,0.082353,0.000000,0.164706,0.164706,0.047059,0.000000,0.212942,0.000000
664744,Jose Espada,BAL,R,9,0.444444,0.000000,0.000000,0.000000,0.111111,0.000000,0.000000,0.222222,0.222222,0.000000,0.000000,0.000000,0.000000
664776,Jake Cousins,LAD,R,155,0.344156,0.123377,0.032468,0.032468,0.084416,0.006494,0.006494,0.162338,0.155844,0.038961,0.012987,0.111111,0.000000
664849,Danny Young,ATL,L,202,0.303483,0.099502,0.039801,0.014925,0.144279,0.029851,0.000000,0.238806,0.089552,0.024876,0.014925,0.058824,0.000000
664854,Ryan Helsley,BAL,R,591,0.280102,0.087718,0.001715,0.018856,0.159802,0.041337,0.000000,0.171899,0.181903,0.046382,0.010286,0.064826,0.050455
664875,Justin Lawrence,PIT,R,443,0.227153,0.109080,0.020481,0.040850,0.143268,0.054504,0.002276,0.234108,0.122806,0.031821,0.013653,0.117069,0.054613
664991,Grant Wolfram,BAL,L,202,0.293364,0.069756,0.034750,0.009965,0.184101,0.054745,0.014884,0.179118,0.119487,0.029864,0.009965,0.083745,0.029513
665152,Dean Kremer,BAL,R,1261,0.210317,0.076190,0.003968,0.031746,0.142063,0.040476,0.002381,0.208730,0.216667,0.053968,0.013492,0.067857,0.026393
665622,Luis Medina,ATH,R,243,0.214065,0.104561,0.004157,0.029418,0.158919,0.041568,0.000000,0.180315,0.204324,0.054359,0.008314,0.047031,0.044091
665660,Elvis Alvarado,ATH,R,273,0.246386,0.121317,0.007361,0.022083,0.117637,0.069790,0.000000,0.150744,0.205864,0.051457,0.007361,0.160181,0.000000
665665,Reiver Sanmartin,SF,L,8,0.285714,0.000000,0.000000,0.000000,0.142857,0.142857,0.000000,0.285714,0.142857,0.000000,0.000000,0.000000,0.000000
665795,Edward Cabrera,CHC,R,1172,0.249147,0.104096,0.012798,0.027304,0.128840,0.034983,0.000854,0.226109,0.161263,0.040102,0.014505,0.059408,0.028789
665871,Javier Assad,CHC,R,848,0.184181,0.095631,0.010626,0.027156,0.138140,0.040144,0.005903,0.240843,0.194802,0.048406,0.014168,0.082060,0.024618
666129,Braxton Garrett,MIA,L,161,0.211180,0.024845,0.031056,0.031056,0.167702,0.049689,0.000000,0.267081,0.161491,0.037267,0.018634,0.043478,0.000000
666142,Cole Ragans,KC,L,1157,0.316608,0.089963,0.006921,0.026813,0.131486,0.041524,0.003460,0.160040,0.170417,0.043252,0.009516,0.083530,0.012059
666157,Nick Lodolo,CIN,L,1135,0.245150,0.059083,0.027337,0.030864,0.135802,0.043210,0.000882,0.209877,0.187831,0.046737,0.013228,0.039526,0.011278
666171,Ryan Zeferjahn,LAA,R,413,0.298234,0.119795,0.021989,0.029393,0.102733,0.031758,0.000000,0.171091,0.173625,0.041583,0.009797,0.083119,0.022238
666200,Jesús Luzardo,PHI,L,1223,0.281275,0.071954,0.004088,0.025348,0.154538,0.040883,0.000818,0.198692,0.166803,0.042519,0.013083,0.062854,0.011049
666201,Alek Manoah,LAA,R,103,0.252427,0.077670,0.038835,0.048544,0.097087,0.019417,0.000000,0.174757,0.223301,0.058252,0.009709,0.105263,0.034483
666214,Joey Wentz,ATL,L,746,0.222372,0.097035,0.006739,0.025606,0.173854,0.032345,0.005391,0.179245,0.196765,0.049865,0.010782,0.070922,0.049180
666277,George Soriano,STL,R,382,0.198689,0.098066,0.023934,0.044912,0.119201,0.050354,0.002641,0.194037,0.204446,0.053154,0.010567,0.041674,0.059388
666374,Matt Brash,SEA,R,248,0.285477,0.065127,0.008141,0.016282,0.138533,0.041014,0.000000,0.253049,0.143396,0.036769,0.012212,0.106305,0.078694
666661,Juan Morillo,AZ,R,228,0.236842,0.114035,0.004386,0.021929,0.140351,0.030702,0.008772,0.236842,0.162281,0.035088,0.008772,0.133553,0.024618
666711,Joel Peguero,SF,R,86,0.200000,0.082353,0.000000,0.023529,0.117647,0.035294,0.000000,0.270588,0.200000,0.047059,0.023529,0.080000,0.047619
666745,Jhony Brito,SD,R,185,0.157609,0.048913,0.000000,0.021739,0.217391,0.021739,0.005435,0.250000,0.206522,0.054348,0.016304,0.061224,0.020833
666808,Camilo Doval,NYY,R,621,0.271861,0.119776,0.008094,0.014570,0.131057,0.048530,0.003237,0.247545,0.110029,0.027512,0.017790,0.081728,0.067534
666974,Yennier Cano,BAL,R,543,0.244419,0.085214,0.007410,0.024082,0.168531,0.035176,0.003705,0.286992,0.103717,0.024082,0.016673,0.093667,0.042220
667297,Tommy Nance,TOR,R,306,0.246658,0.065790,0.006589,0.016421,0.167716,0.039431,0.003294,0.263186,0.138277,0.036190,0.016448,0.104433,0.034070
667463,John King,MIA,L,519,0.153902,0.062334,0.006015,0.025152,0.187675,0.025152,0.000000,0.333627,0.149822,0.036972,0.019348,0.069531,0.111265
667755,José Soriano,LAA,R,1431,0.226052,0.098224,0.009814,0.016137,0.139580,0.033663,0.001402,0.315083,0.111612,0.028077,0.020356,0.114971,0.036557
668390,Cole Winn,TEX,R,322,0.212479,0.081242,0.021905,0.015645,0.115592,0.040633,0.003129,0.200128,0.237395,0.059337,0.012517,0.053096,0.049771
668674,Lucas Erceg,KC,R,565,0.232203,0.062479,0.017870,0.012509,0.150014,0.044609,0.003573,0.246396,0.173194,0.042855,0.014297,0.095303,0.000000
668678,Zac Gallen,AZ,R,1645,0.218984,0.083942,0.004867,0.029197,0.136252,0.045620,0.007298,0.221411,0.190387,0.048053,0.013990,0.080069,0.022422
668834,Easton McGee,MIL,R,68,0.194311,0.059789,0.000000,0.014946,0.149469,0.089200,0.000000,0.312923,0.134522,0.029894,0.014946,0.136601,0.082887
668873,Caleb Kilian,SF,R,109,0.275229,0.119266,0.027523,0.027523,0.064221,0.018349,0.000000,0.293578,0.137615,0.027523,0.009174,0.032352,0.198034
668881,Hunter Greene,CIN,R,1031,0.291950,0.080504,0.020369,0.026188,0.096023,0.039767,0.003880,0.151309,0.224054,0.056256,0.009699,0.042169,0.020761
668909,Gavin Williams,CLE,R,1237,0.264349,0.126920,0.004850,0.029103,0.108326,0.032336,0.005659,0.204528,0.168149,0.042037,0.013743,0.079814,0.018576
668933,Graham Ashcraft,CIN,R,721,0.213593,0.084605,0.008321,0.018030,0.159501,0.058253,0.004161,0.271845,0.131761,0.033287,0.016643,0.097172,0.008054
668941,JoJo Romero,STL,L,583,0.208021,0.079739,0.015577,0.017352,0.135224,0.043300,0.000000,0.275534,0.166338,0.039869,0.019047,0.065786,0.034174
668964,Tobias Myers,NYM,R,893,0.207814,0.057182,0.007849,0.029207,0.152707,0.033692,0.002243,0.205910,0.232593,0.057294,0.013511,0.088213,0.027070
668970,Gavin Hollowell,CHC,R,49,0.224490,0.142857,0.000000,0.020408,0.183673,0.020408,0.000000,0.224490,0.122449,0.040816,0.020408,0.083333,0.000000
668984,Casey Legumina,SEA,R,338,0.226217,0.083378,0.026731,0.026814,0.134005,0.053524,0.002980,0.172631,0.211238,0.053544,0.008939,0.183447,0.012001
669020,Ryan Rolison,CHC,L,193,0.129534,0.103627,0.000000,0.056995,0.191710,0.031088,0.005181,0.269430,0.155440,0.041451,0.015544,0.145455,0.052632
669022,MacKenzie Gore,TEX,L,1600,0.275791,0.090057,0.011883,0.025641,0.150720,0.040027,0.002502,0.170730,0.176988,0.044403,0.011256,0.110351,0.030340
669062,Erik Miller,SF,L,477,0.270597,0.128979,0.008464,0.014812,0.128940,0.048552,0.004232,0.215639,0.133251,0.033837,0.012697,0.101655,0.036226
669084,DL Hall,MIL,L,444,0.227956,0.121876,0.015795,0.018065,0.137712,0.031603,0.002259,0.207668,0.178366,0.047410,0.011290,0.092509,0.009251
669093,Jeremiah Estrada,SD,R,586,0.360825,0.089347,0.005155,0.027491,0.118557,0.032646,0.001718,0.127148,0.182131,0.046392,0.008591,0.037975,0.052632
669160,Dustin May,STL,R,750,0.203505,0.083027,0.022750,0.036148,0.159266,0.048168,0.012045,0.194126,0.182067,0.045514,0.013384,0.076214,0.041295
669165,Kyle Hurt,LAD,R,27,0.111111,0.037037,0.000000,0.000000,0.222222,0.074074,0.000000,0.259259,0.222222,0.074074,0.000000,0.142857,0.000000
669194,Ryne Nelson,AZ,R,1441,0.204454,0.063276,0.006260,0.031983,0.125878,0.044512,0.012519,0.211416,0.228773,0.057020,0.013908,0.090514,0.022716
669199,Lake Bachar,MIA,R,412,0.277989,0.098328,0.007344,0.029373,0.117910,0.031959,0.007344,0.164558,0.206309,0.049095,0.009791,0.096008,0.069615
669203,Corbin Burnes,AZ,R,1049,0.232824,0.069656,0.004771,0.027672,0.143130,0.032443,0.000954,0.245229,0.182252,0.045802,0.015267,0.058608,0.016736
669211,Keegan Akin,BAL,L,581,0.269896,0.084775,0.005190,0.032872,0.114187,0.038062,0.003460,0.171280,0.216263,0.053633,0.010381,0.066667,0.044872
669212,Eli Morgan,KC,R,262,0.215268,0.069188,0.003851,0.026960,0.107704,0.046217,0.003851,0.184595,0.265407,0.065406,0.011554,0.019705,0.011451
669270,Joel Kuhnel,ATH,R,58,0.137931,0.000000,0.017242,0.017242,0.103448,0.034483,0.000000,0.431034,0.206897,0.034483,0.017242,0.000000,0.075862
669276,Dylan Lee,ATL,L,578,0.289778,0.045413,0.000000,0.034933,0.120452,0.041854,0.006953,0.172818,0.223240,0.054080,0.010479,0.064590,0.013533
669302,Logan Gilbert,SEA,R,1563,0.290653,0.049297,0.007043,0.032012,0.109474,0.055693,0.001281,0.196546,0.196542,0.048655,0.012805,0.086174,0.013143
669330,Tyler Wells,BAL,R,259,0.227799,0.065637,0.011583,0.030888,0.127413,0.050193,0.015444,0.135135,0.262549,0.065637,0.007722,0.044160,0.034720
669358,Shane Baz,BAL,R,1218,0.229885,0.085387,0.015600,0.030378,0.133005,0.054187,0.000820,0.202791,0.188834,0.045977,0.013136,0.102308,0.034903
669371,Cole Henry,WSH,R,339,0.224840,0.121313,0.041428,0.023675,0.127202,0.041407,0.000000,0.127245,0.230761,0.056209,0.005922,0.061946,0.010458
669372,J.T. Ginn,ATH,R,646,0.229831,0.071429,0.012429,0.037274,0.145975,0.043488,0.003107,0.245334,0.156794,0.037262,0.017077,0.094833,0.028063
669373,Tarik Skubal,DET,L,1738,0.301497,0.043728,0.008631,0.020713,0.131186,0.037399,0.004028,0.212889,0.180668,0.045454,0.013809,0.086486,0.015152
669387,Carmen Mlodzinski,PIT,R,797,0.223615,0.075373,0.007540,0.013822,0.180888,0.035184,0.006279,0.228649,0.172115,0.041460,0.015075,0.095094,0.042131
669432,Trevor Rogers,BAL,L,1213,0.199838,0.080928,0.007431,0.016520,0.144505,0.044593,0.004956,0.236165,0.200655,0.049545,0.014865,0.094640,0.040216
669438,Mason Englert,TB,R,384,0.191517,0.047212,0.005242,0.039431,0.165372,0.068328,0.002621,0.175808,0.233602,0.060382,0.010484,0.077133,0.033458
669456,Shane Bieber,TOR,R,204,0.279412,0.039216,0.004902,0.039216,0.132353,0.044118,0.000000,0.245098,0.161765,0.039216,0.014706,0.113208,0.000000
669461,Matthew Liberatore,STL,L,1219,0.187516,0.065788,0.004936,0.034532,0.161995,0.045240,0.001645,0.203128,0.226143,0.055921,0.013157,0.072228,0.032504
669467,Andre Pallante,STL,R,1380,0.160990,0.095719,0.006526,0.021756,0.157362,0.043510,0.002901,0.324872,0.132704,0.033357,0.020304,0.052744,0.022177
669620,Brady Basso,ATH,L,149,0.182432,0.087838,0.000000,0.020270,0.195946,0.020270,0.000000,0.216216,0.209459,0.054054,0.013514,0.088235,0.025641
669622,Anthony Bender,MIA,R,520,0.237342,0.097473,0.017555,0.011640,0.130359,0.046750,0.003880,0.229393,0.171193,0.040834,0.013581,0.053612,0.038033
669684,Chris Murphy,CWS,L,180,0.201117,0.134078,0.027933,0.027933,0.117318,0.016760,0.005587,0.256983,0.156425,0.039106,0.016760,0.061224,0.028571
669704,Kade Strowd,AZ,R,105,0.228571,0.123810,0.009524,0.009524,0.133333,0.009524,0.000000,0.247619,0.171429,0.047619,0.019048,0.142857,0.043478
669711,Greg Weissert,BOS,R,625,0.237553,0.069498,0.004843,0.035583,0.153427,0.037128,0.000000,0.201976,0.198627,0.050066,0.011300,0.075333,0.043342
669713,Hayden Wesneski,HOU,R,414,0.231884,0.065217,0.007246,0.045894,0.115942,0.043478,0.000000,0.217391,0.207729,0.050725,0.014493,0.031250,0.009346
669724,Brenan Hanifee,DET,R,380,0.166667,0.047619,0.005291,0.013228,0.171958,0.047619,0.010582,0.309524,0.164021,0.042328,0.021164,0.072000,0.012821
669854,Ronel Blanco,HOU,R,875,0.244851,0.100686,0.002288,0.033181,0.096110,0.040046,0.003432,0.188787,0.223112,0.056064,0.011442,0.074286,0.028689
669920,Jason Alexander,HOU,R,336,0.193452,0.077381,0.008929,0.044643,0.145833,0.041667,0.005952,0.235119,0.184524,0.047619,0.014881,0.071429,0.025641
669923,George Kirby,SEA,R,1524,0.239004,0.043991,0.011162,0.030203,0.151020,0.040054,0.002627,0.223237,0.194356,0.049246,0.015101,0.069346,0.034221
669947,Jesse Scholtens,TB,R,89,0.269663,0.067415,0.000000,0.011236,0.224719,0.000000,0.000000,0.157304,0.202247,0.056179,0.011236,0.290137,0.047537
670036,Matt Festa,CLE,R,411,0.232927,0.056402,0.014724,0.026911,0.151900,0.034316,0.004908,0.166751,0.242533,0.058813,0.009816,0.012940,0.034506
670059,Colin Holderman,CLE,R,362,0.213296,0.116343,0.019391,0.030471,0.144044,0.038781,0.002770,0.204986,0.171745,0.044321,0.013850,0.088608,0.076923
670102,Bowden Francis,TOR,R,696,0.209770,0.070402,0.018678,0.051724,0.126437,0.028736,0.001437,0.175287,0.244253,0.061782,0.011494,0.100000,0.023474
670167,John Schreiber,KC,R,570,0.203397,0.087164,0.010699,0.024878,0.139931,0.046166,0.003529,0.223675,0.198512,0.047820,0.014229,0.104012,0.061150
670183,Garrett Acton,MIN,R,29,0.206897,0.068965,0.103448,0.000000,0.103448,0.000000,0.000000,0.000000,0.413793,0.103448,0.000000,0.000000,0.201970
670245,Ryan Watson,BOS,R,101,0.118812,0.178218,0.009901,0.000000,0.128713,0.029703,0.000000,0.267327,0.178218,0.059406,0.029703,0.000000,0.000000
670280,David Bednar,NYY,R,608,0.276189,0.084853,0.006653,0.021621,0.146495,0.043264,0.003326,0.179727,0.181314,0.046578,0.009978,0.059350,0.054420
670329,Rico Garcia,BAL,R,205,0.294047,0.088168,0.000000,0.024542,0.107984,0.014725,0.004908,0.264566,0.152008,0.039236,0.009816,0.039512,0.023947
670912,Johan Oviedo,BOS,R,188,0.239362,0.127660,0.021277,0.042553,0.095745,0.031915,0.000000,0.148936,0.223404,0.058511,0.010638,0.100000,0.037736
670955,Edwin Uceta,TB,R,480,0.335430,0.067086,0.018868,0.027254,0.117400,0.035639,0.004193,0.153040,0.184486,0.046122,0.010482,0.025641,0.027273
670970,Adrian Morejon,SD,L,660,0.238261,0.054987,0.001528,0.009169,0.181486,0.038178,0.004585,0.270222,0.146624,0.036649,0.018312,0.063265,0.031818
670990,Yohan Ramírez,PIT,R,463,0.259914,0.087396,0.034823,0.017412,0.132924,0.056829,0.004352,0.187834,0.163829,0.041530,0.013156,0.067011,0.032234
671096,Andrew Abbott,CIN,L,1504,0.197609,0.075847,0.003327,0.031938,0.150359,0.040587,0.001330,0.177638,0.248841,0.061877,0.010646,0.085579,0.015300
671106,Logan Allen,CLE,L,1108,0.181736,0.092224,0.009042,0.036166,0.153707,0.051537,0.002712,0.216998,0.193490,0.048825,0.013562,0.113725,0.029851
671109,Jake Eder,LAD,L,87,0.186047,0.104651,0.023256,0.034884,0.127907,0.034884,0.000000,0.174419,0.244186,0.058140,0.011628,0.187500,0.000000
671111,Sammy Peralta,COL,L,124,0.157025,0.082645,0.000000,0.016529,0.198347,0.066116,0.008264,0.206612,0.198347,0.049587,0.016529,0.037037,0.066667
671131,Jackson Rutledge,WSH,R,364,0.203297,0.071429,0.021978,0.046703,0.164835,0.046703,0.002747,0.189560,0.192308,0.049451,0.010989,0.095890,0.056818
671212,Joe Boyle,TB,R,518,0.251451,0.141199,0.013540,0.021277,0.117988,0.044487,0.001934,0.166344,0.183752,0.046422,0.011605,0.086957,0.025210
671305,Michel Otañez,TEX,R,179,0.340782,0.139665,0.022346,0.022346,0.128492,0.033520,0.005587,0.122905,0.145251,0.033520,0.005587,0.086957,0.062500
671345,Jason Foley,SF,R,250,0.185484,0.072581,0.008065,0.020161,0.149194,0.032258,0.004032,0.254032,0.205645,0.052419,0.016129,0.059701,0.046875
671737,Taj Bradley,MIN,R,1416,0.250171,0.084100,0.009185,0.028978,0.141340,0.040283,0.001414,0.190114,0.193638,0.048763,0.012015,0.091818,0.029694
671922,Cade Smith,CLE,R,682,0.350551,0.057713,0.010331,0.011884,0.105097,0.068044,0.002951,0.165603,0.174616,0.042877,0.010331,0.065520,0.020506
672282,Reid Detmers,LAA,L,864,0.279099,0.089538,0.011612,0.031411,0.140733,0.054622,0.003491,0.159302,0.174393,0.045338,0.010461,0.117088,0.036333
672335,Cionel Pérez,WSH,L,435,0.184346,0.131336,0.016136,0.020720,0.158972,0.048393,0.004610,0.255752,0.129044,0.034563,0.016129,0.093069,0.027295
672456,Keider Montero,DET,R,894,0.192394,0.074944,0.005593,0.039150,0.155481,0.032438,0.005592,0.214766,0.212528,0.054809,0.012304,0.092967,0.000000
672582,Angel Zerpa,MIL,L,597,0.194995,0.080659,0.006726,0.026888,0.168069,0.050414,0.001681,0.304180,0.115973,0.030251,0.020164,0.077556,0.034095
672782,Yoendrys Gómez,TB,R,451,0.186522,0.089809,0.011177,0.058908,0.139776,0.026824,0.002235,0.155030,0.257593,0.063182,0.008942,0.050622,0.030467
672841,Carlos Vargas,SEA,R,331,0.165138,0.058104,0.021407,0.030581,0.177370,0.036697,0.003058,0.278287,0.168196,0.042813,0.018349,0.123711,0.028986
672860,Prelander Berroa,CWS,R,83,0.317073,0.146341,0.012195,0.024390,0.109756,0.048780,0.000000,0.109756,0.170732,0.048780,0.012195,0.100000,0.000000
673380,Dedniel Núñez,NYM,R,176,0.337143,0.074286,0.000000,0.022857,0.102857,0.045714,0.000000,0.194286,0.171429,0.040000,0.011429,0.083333,0.000000
673513,Yuki Matsui,SD,L,529,0.248566,0.103250,0.001912,0.034417,0.107075,0.038241,0.009560,0.156788,0.233270,0.057361,0.009560,0.068966,0.052632
673540,Kodai Senga,NYM,R,677,0.254786,0.111112,0.005930,0.025181,0.119964,0.051845,0.008895,0.201535,0.165932,0.040007,0.014814,0.097033,0.014103
673929,Jordan Leasure,CWS,R,506,0.265343,0.106940,0.003962,0.047521,0.097031,0.047529,0.003962,0.126742,0.233647,0.059400,0.007923,0.070285,0.021086
674003,Cody Bradford,TEX,L,308,0.227273,0.042208,0.003247,0.032468,0.133117,0.029221,0.012987,0.198052,0.246753,0.061688,0.012987,0.030769,0.010526
674370,Osvaldo Bido,ATL,R,703,0.209707,0.094150,0.027094,0.031392,0.125559,0.047070,0.001427,0.154040,0.241083,0.059917,0.008561,0.134487,0.042652
674384,Eduarniel Núñez,ATH,R,60,0.183333,0.183333,0.050000,0.033333,0.116667,0.050000,0.016667,0.083333,0.233333,0.050000,0.000000,0.400000,0.058824
674444,Steven Cruz,KC,R,233,0.212121,0.086580,0.004329,0.038961,0.121212,0.030303,0.000000,0.207792,0.229437,0.056277,0.012987,0.039216,0.015152
674841,Andrew Alvarez,WSH,L,98,0.204082,0.102041,0.010204,0.010204,0.132653,0.020408,0.000000,0.265306,0.183673,0.051020,0.020408,0.071429,0.000000
675512,Troy Melton,DET,R,180,0.200000,0.083333,0.005556,0.038889,0.111111,0.022222,0.000000,0.233333,0.233333,0.055556,0.016667,0.066667,0.019231
675660,Shane Drohan,MIL,L,15,0.133333,0.266667,0.000000,0.000000,0.200000,0.000000,0.000000,0.200000,0.133333,0.066667,0.000000,0.000000,0.333333
675848,Juan Mejia,COL,R,356,0.226826,0.090922,0.016971,0.022764,0.145209,0.045392,0.005657,0.153148,0.224816,0.059808,0.008486,0.079864,0.033025
675911,Spencer Strider,ATL,R,581,0.246127,0.096386,0.013769,0.037866,0.137694,0.053356,0.001721,0.173838,0.182444,0.046472,0.010327,0.074766,0.030075
675919,Nick Raquet,BAL,L,19,0.052632,0.157895,0.000000,0.105263,0.000000,0.105263,0.000000,0.105263,0.315789,0.157895,0.000000,0.000000,0.000000
675989,Cody Bolton,HOU,R,192,0.255208,0.114583,0.005208,0.031250,0.156250,0.020833,0.005208,0.177084,0.187500,0.041666,0.005208,0.091797,0.020665
676051,Codi Heuer,CLE,R,21,0.238095,0.095238,0.000000,0.142857,0.047619,0.000000,0.000000,0.285714,0.142857,0.047619,0.000000,0.000000,0.000000
676083,Janson Junk,MIA,R,680,0.172579,0.039878,0.005883,0.023616,0.173962,0.066393,0.001471,0.221323,0.227076,0.054542,0.013278,0.106791,0.045691
676105,Jeff Criswell,COL,R,87,0.310345,0.103448,0.011494,0.045977,0.137931,0.045977,0.000000,0.160920,0.137931,0.034483,0.011494,0.066667,0.066667
676106,Emerson Hancock,SEA,R,818,0.189486,0.069683,0.017115,0.036675,0.147922,0.034229,0.002445,0.221271,0.213936,0.052567,0.014670,0.116266,0.018245
676130,José Buttó,SF,R,594,0.240271,0.121827,0.011844,0.020305,0.116751,0.043993,0.003384,0.197970,0.184433,0.045685,0.013536,0.120000,0.066176
676254,Ryan Walker,SF,R,636,0.278041,0.066326,0.026865,0.018948,0.137432,0.033187,0.003161,0.227518,0.154807,0.039492,0.014222,0.063428,0.024754
676263,Jack Dreyer,LAD,L,370,0.243824,0.076602,0.000000,0.010979,0.115113,0.054727,0.005490,0.183691,0.238334,0.060259,0.010979,0.013351,0.037098
676272,Bobby Miller,LAD,R,286,0.207018,0.108772,0.010526,0.066667,0.178947,0.031579,0.003509,0.196491,0.147368,0.035088,0.014035,0.150000,0.000000
676282,Joey Cantillo,CLE,L,744,0.284946,0.104839,0.000000,0.021506,0.115591,0.059139,0.000000,0.180108,0.177419,0.045699,0.010753,0.080069,0.018233
676395,Robert Garcia,TEX,L,587,0.260341,0.085552,0.003426,0.020558,0.162672,0.030818,0.000000,0.200314,0.179803,0.044523,0.011993,0.100377,0.015121
676428,Brant Hurter,DET,L,524,0.224607,0.074829,0.021127,0.021102,0.153546,0.026888,0.001921,0.260976,0.155516,0.040308,0.019181,0.088513,0.018845
676440,Tanner Bibee,CLE,R,1670,0.236669,0.067704,0.010785,0.035350,0.137806,0.043139,0.005393,0.198922,0.200122,0.050929,0.013181,0.079386,0.021252
676467,Colton Gordon,HOU,L,379,0.190981,0.045093,0.005305,0.055703,0.153846,0.061008,0.002653,0.167109,0.246684,0.061008,0.010610,0.044776,0.034483
676477,Garrett Whitlock,BOS,R,438,0.300440,0.093996,0.013769,0.009168,0.135351,0.034399,0.000000,0.208680,0.156004,0.036718,0.011475,0.032184,0.022260
676508,Ben Casparius,LAD,R,427,0.217799,0.077283,0.007026,0.025762,0.152225,0.056206,0.002342,0.159251,0.234192,0.058548,0.009368,0.031482,0.008021
676510,Nolan Hoffman,PHI,R,7,0.285714,0.142857,0.000000,0.000000,0.142857,0.285714,0.000000,0.142857,0.000000,0.000000,0.000000,0.000000,0.000000
676534,Calvin Faucher,MIA,R,550,0.261388,0.107821,0.012803,0.014632,0.146272,0.032899,0.009145,0.204777,0.157246,0.040215,0.012803,0.065647,0.063636
676571,PJ Poulin,WSH,L,214,0.210281,0.158879,0.009345,0.037383,0.121495,0.023364,0.000000,0.177571,0.196261,0.051401,0.014018,0.148366,0.039932
676617,Riley O'Brien,STL,R,329,0.241546,0.085739,0.033638,0.012249,0.128473,0.030576,0.006124,0.281172,0.128518,0.033638,0.018328,0.093644,0.035052
676661,Max Lazar,PHI,R,224,0.156250,0.062500,0.000000,0.040179,0.142857,0.058036,0.000000,0.241071,0.227679,0.058036,0.013393,0.105263,0.015625
676664,JP Sears,SD,L,1341,0.189552,0.063433,0.014925,0.043284,0.132836,0.055970,0.002985,0.176866,0.247015,0.061940,0.011194,0.091270,0.026570
676684,Will Vest,DET,R,651,0.240745,0.070970,0.006175,0.010806,0.169744,0.030861,0.004632,0.254608,0.155897,0.040124,0.015439,0.075230,0.053230
676702,Hunter Stratton,ATL,R,247,0.198381,0.056680,0.024291,0.024291,0.178138,0.040486,0.000000,0.194332,0.218623,0.052632,0.012146,0.039216,0.029851
676710,Kutter Crawford,BOS,R,759,0.230567,0.067194,0.011858,0.044796,0.117260,0.039526,0.002635,0.173913,0.241107,0.060606,0.010540,0.064286,0.013100
676742,Cam Sanders,PIT,R,34,0.117647,0.147059,0.000000,0.058824,0.176471,0.029412,0.000000,0.117647,0.294118,0.058824,0.000000,0.000000,0.000000
676755,Isaac Mattson,PIT,R,332,0.224289,0.109061,0.009108,0.012144,0.160434,0.021253,0.000000,0.115229,0.272723,0.069687,0.006072,0.044650,0.026789
676760,Ron Marinaccio,SD,R,228,0.250000,0.074562,0.013157,0.030702,0.100877,0.035088,0.000000,0.223685,0.201754,0.057017,0.013158,0.075877,0.051407
676775,Keaton Winn,SF,R,352,0.222196,0.079772,0.011401,0.028504,0.128228,0.056969,0.014251,0.239316,0.165226,0.039886,0.014251,0.090528,0.057197
676879,Aaron Ashby,MIL,L,529,0.303002,0.092801,0.007580,0.015150,0.136367,0.037869,0.003790,0.251932,0.109844,0.024623,0.017043,0.119178,0.028389
676917,Cade Cavalli,WSH,R,405,0.181149,0.104129,0.024798,0.017408,0.168785,0.042171,0.002487,0.243214,0.158803,0.042171,0.014886,0.106455,0.012615
676962,Ben Brown,CHC,R,839,0.266985,0.077473,0.005959,0.030988,0.154946,0.035757,0.004767,0.178784,0.185935,0.046485,0.011920,0.068261,0.047294
676974,Max Meyer,MIA,R,734,0.216621,0.085831,0.006812,0.043597,0.132152,0.053134,0.002724,0.237057,0.166212,0.040872,0.014987,0.037399,0.020436
676979,Garrett Crochet,BOS,L,1631,0.325155,0.055828,0.010427,0.027608,0.134356,0.038037,0.002454,0.196318,0.157669,0.039878,0.012270,0.070104,0.009278
677053,Andrew Nardi,MIA,L,258,0.342395,0.101120,0.003893,0.027252,0.116727,0.042826,0.007786,0.124513,0.179019,0.046684,0.007786,0.137210,0.033691
677161,Zack Kelly,BOS,R,437,0.233352,0.085473,0.011557,0.032335,0.122408,0.046181,0.000000,0.230834,0.177811,0.046181,0.013868,0.049457,0.052944
677865,Justin Bruihl,STL,L,185,0.183143,0.120752,0.011177,0.016766,0.177371,0.044342,0.000000,0.220981,0.170316,0.043976,0.011177,0.047104,0.172594
677944,Slade Cecconi,CLE,R,1064,0.199621,0.057435,0.015058,0.044256,0.137478,0.052737,0.002826,0.208082,0.214707,0.054617,0.013182,0.055428,0.020127
677952,Braxton Ashcraft,PIT,R,470,0.260092,0.078894,0.004268,0.006402,0.140728,0.046922,0.008524,0.232426,0.164178,0.042642,0.014925,0.016725,0.040906
677955,Jaden Hill,COL,R,245,0.224489,0.089796,0.020409,0.016327,0.134694,0.020409,0.008163,0.244898,0.183673,0.044898,0.012244,0.049229,0.091372
677958,Kumar Rocker,TEX,R,453,0.196468,0.079470,0.011038,0.035320,0.176600,0.026490,0.006623,0.240618,0.167770,0.041943,0.017660,0.051585,0.072848
677960,Ryan Weathers,NYY,L,737,0.232327,0.067933,0.013591,0.024464,0.158948,0.033978,0.008146,0.213326,0.187503,0.046197,0.013587,0.040484,0.017229
677961,Cole Wilcox,SEA,R,70,0.271429,0.085715,0.028571,0.028571,0.185714,0.014286,0.000000,0.185714,0.157143,0.042857,0.000000,0.000000,0.000000
678020,Seth Halvorsen,COL,R,219,0.224771,0.100917,0.004587,0.041284,0.133028,0.045872,0.004587,0.252294,0.142202,0.036697,0.013761,0.137931,0.025641
678022,Jack Perkins,ATH,R,179,0.240224,0.100558,0.011173,0.022347,0.128492,0.033519,0.000000,0.201118,0.201117,0.050280,0.011173,0.119585,0.020918
678024,Mike Vasil,CWS,R,423,0.196643,0.112710,0.019185,0.019185,0.124700,0.031175,0.002398,0.249400,0.182254,0.045564,0.016787,0.117117,0.000000
678226,Daysbel Hernández,ATL,R,238,0.250000,0.161017,0.012712,0.012712,0.118644,0.025424,0.000000,0.165254,0.194915,0.046610,0.012712,0.142857,0.000000
678368,Valente Bellozo,COL,R,739,0.164571,0.068436,0.009581,0.053575,0.133664,0.039480,0.002723,0.155957,0.289953,0.072533,0.009529,0.059613,0.018725
678394,Brayan Bello,BOS,R,1564,0.191816,0.093350,0.015345,0.024936,0.155371,0.042200,0.000639,0.268543,0.152173,0.038363,0.017263,0.074513,0.040824
678495,Randy Rodríguez,SF,R,419,0.287081,0.069378,0.016746,0.019139,0.131579,0.038278,0.004785,0.174641,0.196172,0.050239,0.011962,0.076923,0.029126
678606,Jose A. Ferrer,SEA,L,529,0.212122,0.045456,0.017049,0.011367,0.198854,0.030301,0.005683,0.287899,0.140133,0.034086,0.017049,0.089385,0.046744
678692,Ronny Henriquez,MIA,R,385,0.295812,0.075916,0.015707,0.026178,0.128272,0.034031,0.002618,0.175393,0.188482,0.047120,0.010471,0.014085,0.044444
678821,Luis Peralta,COL,L,150,0.200000,0.153333,0.026667,0.040000,0.153333,0.026667,0.000000,0.113333,0.226667,0.053333,0.006667,0.222222,0.047619
678906,Kai-Wei Teng,HOU,R,284,0.242957,0.102113,0.028169,0.035211,0.147887,0.024648,0.000000,0.165493,0.197183,0.049296,0.007043,0.106110,0.015704
679358,Eric Orze,MIN,R,258,0.206253,0.112825,0.015577,0.019472,0.120688,0.050553,0.003894,0.171167,0.229546,0.062236,0.007789,0.045651,0.000000
679525,Alec Marsh,KC,R,548,0.225275,0.069597,0.020147,0.034799,0.133700,0.051282,0.005495,0.195971,0.201465,0.049451,0.012821,0.078947,0.029197
679775,Kyle Backhus,PHI,L,129,0.201550,0.069767,0.023256,0.031008,0.155039,0.054264,0.007752,0.186047,0.201550,0.054264,0.015504,0.115385,0.060606
679883,Luinder Avila,KC,R,89,0.247191,0.112360,0.000000,0.011236,0.123596,0.101124,0.000000,0.213483,0.146067,0.033708,0.011236,0.000000,0.062500
679885,Justin Martinez,AZ,R,375,0.307065,0.111413,0.013587,0.008152,0.135870,0.032609,0.002717,0.239130,0.105978,0.027174,0.016304,0.074468,0.040816
680570,Grayson Rodriguez,LAA,R,491,0.264766,0.073320,0.010183,0.030550,0.138493,0.048880,0.004073,0.185336,0.185336,0.046843,0.012220,0.103093,0.008772
680573,Simeon Woods Richardson,MIN,R,1216,0.202302,0.086349,0.004934,0.033716,0.141447,0.039474,0.001645,0.160363,0.254934,0.064145,0.010691,0.052388,0.028894
680604,Blas Castaño,SEA,R,16,0.062500,0.125000,0.062500,0.062500,0.062500,0.125000,0.000000,0.187500,0.250000,0.062500,0.000000,0.000000,0.000000
680684,Gunnar Hoglund,ATH,R,139,0.165468,0.079137,0.000000,0.071942,0.158273,0.043165,0.000000,0.201439,0.215827,0.050360,0.014388,0.133333,0.027027
680686,Josiah Gray,WSH,R,44,0.204545,0.113636,0.000000,0.045455,0.181818,0.113636,0.000000,0.068182,0.227273,0.045455,0.000000,0.333333,0.166667
680694,Kyle Bradish,BAL,R,472,0.320626,0.110376,0.008499,0.016985,0.131623,0.036084,0.010611,0.180468,0.135896,0.036096,0.012736,0.120552,0.040490
680702,Joey Gerber,NYM,R,15,0.266667,0.000000,0.000000,0.066667,0.133333,0.000000,0.000000,0.266667,0.200000,0.066667,0.000000,0.250000,0.000000
680730,Mitchell Parker,WSH,L,1371,0.172137,0.073669,0.004376,0.031364,0.152443,0.053975,0.004376,0.191101,0.243618,0.060540,0.012400,0.078853,0.033573
680732,Sean Burke,CWS,R,858,0.233371,0.092191,0.010500,0.029177,0.123686,0.058338,0.001167,0.173855,0.213536,0.052510,0.011667,0.039183,0.013094
680736,Justin Wrobleski,LAD,L,548,0.208440,0.085910,0.007315,0.027430,0.138941,0.047538,0.000000,0.213895,0.204728,0.051180,0.014622,0.079807,0.023071
680742,Jonathan Bowlan,PHI,R,272,0.249999,0.077205,0.000000,0.033088,0.161765,0.044118,0.000000,0.224265,0.161765,0.036765,0.011029,0.074211,0.020037
680744,Ty Madden,DET,R,101,0.168317,0.079208,0.009901,0.019802,0.178218,0.049505,0.000000,0.227723,0.207921,0.049505,0.009901,0.083333,0.038462
680755,Braydon Fisher,TOR,R,279,0.316509,0.075576,0.017970,0.014401,0.122283,0.032372,0.000000,0.172623,0.194290,0.046773,0.007201,0.117588,0.028045
680767,Victor Vodnik,COL,R,622,0.205196,0.108251,0.006448,0.022612,0.164762,0.032309,0.008082,0.261716,0.142151,0.033926,0.014547,0.110670,0.043804
680802,Ryan Weiss,HOU,R,155,0.264516,0.103226,0.000000,0.051613,0.212903,0.019355,0.019355,0.096774,0.180645,0.051613,0.000000,0.200000,0.000000
680880,Grant Holman,LAD,R,176,0.188571,0.097143,0.011429,0.022857,0.188571,0.034286,0.000000,0.194286,0.200000,0.051429,0.011429,0.083333,0.000000
680885,Spencer Schwellenbach,ATL,R,934,0.252146,0.041845,0.008584,0.028970,0.125536,0.048283,0.006438,0.250000,0.178112,0.043991,0.016094,0.048387,0.019324
680951,Doug Nikhazy,CWS,L,23,0.217391,0.260870,0.000000,0.000000,0.086957,0.086957,0.043478,0.086957,0.173913,0.043478,0.000000,0.000000,0.000000
681006,Josh Simpson,SEA,L,151,0.243243,0.135135,0.020270,0.033784,0.155405,0.033784,0.006757,0.209459,0.121622,0.027027,0.013514,0.060606,0.000000
681035,Christian Scott,NYM,R,197,0.198980,0.061224,0.010204,0.040816,0.147959,0.035714,0.005102,0.163265,0.260204,0.066327,0.010204,0.117647,0.015625
681066,Ky Bush,CWS,L,87,0.127907,0.174419,0.011628,0.023256,0.151163,0.058140,0.000000,0.162791,0.220930,0.058140,0.011628,0.133333,0.041667
681151,Jayden Murray,HOU,R,58,0.189655,0.103448,0.000000,0.000000,0.189655,0.017241,0.000000,0.137931,0.275862,0.068966,0.017242,0.000000,0.063218
681168,Luis Curvelo,TEX,R,116,0.229143,0.078458,0.000000,0.044831,0.107097,0.070984,0.000000,0.150684,0.247820,0.062266,0.008718,0.000000,0.057471
681190,Randy Vásquez,SD,R,1208,0.163450,0.075525,0.013278,0.026560,0.165982,0.042323,0.004976,0.205806,0.230728,0.058095,0.013278,0.110224,0.030304
681217,Chase Silseth,LAA,R,155,0.287645,0.123920,0.006573,0.045770,0.111260,0.039197,0.000000,0.163360,0.169933,0.045770,0.006573,0.000000,0.030294
681293,Spencer Arrighetti,HOU,R,788,0.256345,0.107868,0.012690,0.034264,0.131980,0.045685,0.002538,0.156091,0.194162,0.048223,0.010152,0.053435,0.026178
681343,Shane Smith,CWS,R,665,0.235294,0.099548,0.019608,0.027149,0.122172,0.040724,0.004525,0.185520,0.202112,0.051282,0.012066,0.091603,0.011905
681347,Mike Burrows,HOU,R,635,0.227140,0.080441,0.012617,0.036275,0.175058,0.031542,0.003156,0.176675,0.194007,0.050471,0.012617,0.177903,0.025885
681402,Gus Varland,WSH,R,175,0.247089,0.074672,0.005757,0.028700,0.178217,0.045973,0.005757,0.172416,0.183931,0.045973,0.011515,0.061257,0.000000
681432,Luke Little,CHC,L,124,0.260163,0.186992,0.032520,0.008130,0.089431,0.032520,0.000000,0.268293,0.081301,0.024390,0.016260,0.142857,0.076923
681517,Kyle Leahy,STL,R,712,0.182861,0.077346,0.004218,0.016877,0.154709,0.052036,0.004216,0.246121,0.195511,0.050635,0.015470,0.101893,0.044137
681676,Ryan Fernandez,STL,R,425,0.251196,0.098086,0.007177,0.023923,0.157895,0.028708,0.014354,0.198565,0.167464,0.040670,0.011962,0.102273,0.034483
681751,Lazaro Estrada,TOR,R,49,0.265306,0.061224,0.040816,0.040816,0.122449,0.040816,0.000000,0.204082,0.163265,0.040816,0.020408,0.000000,0.000000
681799,Ethan Roberts,CHC,R,177,0.197740,0.067796,0.028249,0.033898,0.175142,0.033898,0.005650,0.118644,0.265537,0.067796,0.005650,0.138857,0.016741
681810,Austin Warren,NYM,R,76,0.210526,0.118421,0.000000,0.026316,0.144737,0.013158,0.000000,0.236842,0.184211,0.052632,0.013158,0.210526,0.000000
681857,Reese Olson,DET,R,750,0.221925,0.074866,0.012032,0.016043,0.148396,0.044118,0.002674,0.240642,0.179144,0.044118,0.016043,0.083333,0.041916
681867,Cooper Criswell,SEA,R,585,0.179032,0.072177,0.011989,0.032786,0.166552,0.041103,0.003425,0.250905,0.181966,0.046364,0.013701,0.160562,0.065757
681870,Erik Sabrowski,CLE,L,240,0.387500,0.129166,0.012500,0.008334,0.079166,0.033334,0.000000,0.075001,0.216666,0.054167,0.004167,0.140441,0.000000
681882,Colin Selby,BAL,R,88,0.215909,0.068182,0.011364,0.022727,0.159091,0.034091,0.000000,0.272727,0.159091,0.034091,0.022727,0.038462,0.000000
681892,Kody Funderburk,MIN,L,438,0.205960,0.118955,0.025169,0.020591,0.167054,0.043496,0.002289,0.251732,0.121269,0.029748,0.013736,0.066612,0.094369
681895,Evan Sisk,PIT,L,80,0.312500,0.125000,0.025000,0.012500,0.150000,0.025000,0.012500,0.150000,0.137500,0.037500,0.012500,0.000000,0.071429
681911,Alex Vesia,LAD,L,566,0.322696,0.102117,0.010767,0.028711,0.077050,0.028711,0.001795,0.116363,0.243712,0.062695,0.005384,0.047429,0.029579
681916,Dylan Smith,SF,R,48,0.083333,0.104167,0.062500,0.000000,0.104167,0.020833,0.000000,0.333333,0.208333,0.062500,0.020833,0.235294,0.000000
681982,Grant Anderson,MIL,R,517,0.250477,0.088006,0.005881,0.037246,0.135158,0.023472,0.007789,0.205338,0.185969,0.045035,0.015630,0.075856,0.016459
682052,Jacob Lopez,ATH,L,611,0.238953,0.127659,0.016366,0.036007,0.134206,0.029460,0.001636,0.122750,0.225859,0.057283,0.009820,0.025355,0.000000
682120,Tim Herrin,CLE,L,481,0.248967,0.115067,0.023018,0.014648,0.121318,0.035575,0.000000,0.221737,0.167355,0.039760,0.012555,0.117542,0.040354
682144,Jayvien Sandridge,BAL,L,6,0.333333,0.333333,0.166667,0.166667,0.000000,0.000000,0.000000,0.000000,0.000000,0.000000,0.000000,0.000000,0.000000
682227,Brandon Williamson,CIN,L,233,0.163090,0.103004,0.017168,0.055794,0.103005,0.008584,0.012875,0.171674,0.283262,0.068670,0.012875,0.092860,0.048917
682243,Bryce Miller,SEA,R,1096,0.223949,0.071298,0.005484,0.034735,0.125229,0.042962,0.001828,0.192870,0.231261,0.057587,0.012797,0.048889,0.022152
682254,Mason Montgomery,PIT,L,335,0.352239,0.137313,0.002985,0.026865,0.167165,0.038806,0.000000,0.140299,0.098507,0.026865,0.008955,0.123102,0.044943
682274,Yaramil Hiraldo,BAL,R,96,0.239583,0.135417,0.000000,0.062500,0.114583,0.031250,0.000000,0.135417,0.218750,0.052083,0.010417,0.071429,0.000000
682790,Wikelman González,CWS,R,87,0.287356,0.137931,0.000000,0.011494,0.091954,0.045977,0.000000,0.126437,0.229885,0.057471,0.011494,0.083333,0.040000
682825,Luis Mey,CIN,R,96,0.218750,0.177083,0.010417,0.031250,0.125000,0.020833,0.000000,0.218750,0.145833,0.041667,0.010417,0.045455,0.055556
682842,Abner Uribe,MIL,R,421,0.287772,0.091174,0.014404,0.012003,0.160615,0.014379,0.002401,0.232709,0.136582,0.033558,0.014404,0.120651,0.000000
682989,Victor Mederos,ATL,R,108,0.175926,0.166667,0.027778,0.046296,0.120370,0.037037,0.027778,0.166667,0.175926,0.046296,0.009259,0.157895,0.041667
682990,Quinn Priester,MIL,R,874,0.188787,0.073227,0.010297,0.028604,0.152174,0.045767,0.003432,0.296339,0.146453,0.036613,0.018307,0.076364,0.025000
682995,Hunter Barco,PIT,L,107,0.149533,0.158878,0.028037,0.084113,0.130841,0.018692,0.000000,0.224299,0.149533,0.037383,0.018692,0.000000,0.000000
683003,Jared Jones,PIT,R,504,0.262425,0.075547,0.009940,0.035785,0.109344,0.057654,0.007952,0.194831,0.186879,0.047714,0.011928,0.096154,0.033898
683004,Jack Leiter,TEX,R,970,0.241472,0.097010,0.008257,0.030958,0.138284,0.038186,0.002064,0.170284,0.209500,0.052632,0.011352,0.062477,0.019257
683155,Joey Estes,ATH,R,598,0.164154,0.053601,0.018425,0.045226,0.132328,0.063652,0.003350,0.118928,0.313233,0.078727,0.008375,0.078947,0.029915
683175,Connor Phillips,CIN,R,213,0.267606,0.178404,0.009390,0.028169,0.051643,0.028169,0.009389,0.112676,0.248826,0.061033,0.004695,0.033908,0.016496
683232,Nick Mears,KC,R,534,0.257511,0.078933,0.001880,0.026324,0.139109,0.035726,0.003761,0.184173,0.208670,0.052632,0.011281,0.082702,0.091292
683409,Angel Chivilli,NYY,R,408,0.174447,0.078624,0.017199,0.049140,0.174447,0.034398,0.004914,0.267813,0.144963,0.036855,0.017199,0.086207,0.000000
683618,Edgardo Henriquez,LAD,R,148,0.236487,0.081081,0.020270,0.013514,0.162162,0.040540,0.000000,0.229730,0.155406,0.047297,0.013514,0.106593,0.030687
683742,Jose Franco,CIN,R,27,0.148148,0.185185,0.000000,0.000000,0.222222,0.037037,0.000000,0.185185,0.185185,0.037037,0.000000,0.200000,0.000000
683769,Hunter Gaddis,CLE,R,552,0.253188,0.058288,0.009107,0.021858,0.112933,0.041894,0.007286,0.193078,0.231330,0.058288,0.012750,0.053097,0.018868
684007,Shota Imanaga,CHC,L,1422,0.240506,0.045710,0.002813,0.042897,0.123065,0.036568,0.003516,0.167370,0.262307,0.065401,0.009845,0.067475,0.006478
684974,Craig Yoho,MIL,R,41,0.170732,0.219512,0.024390,0.024390,0.146341,0.024390,0.000000,0.195122,0.146341,0.048780,0.000000,0.125000,0.125000
685005,Christian Roa,HOU,R,97,0.175258,0.226804,0.072165,0.030928,0.092784,0.020619,0.000000,0.144330,0.185567,0.051546,0.000000,0.061856,0.130012
685126,Brandon Eisert,CWS,L,338,0.231949,0.069300,0.015065,0.036157,0.141504,0.066232,0.006026,0.186699,0.186808,0.048209,0.012052,0.122781,0.037779
685299,Tanner Gordon,COL,R,497,0.177419,0.046371,0.010081,0.052419,0.181452,0.054435,0.012097,0.193548,0.207661,0.052419,0.012097,0.078431,0.015504
685314,Andrew Saalfrank,AZ,L,121,0.159664,0.100840,0.000000,0.008403,0.117647,0.050420,0.000000,0.243697,0.243697,0.058824,0.016807,0.064516,0.055556
685326,McCade Brown,COL,R,126,0.182540,0.134921,0.039683,0.047619,0.142857,0.047619,0.000000,0.158730,0.190476,0.047619,0.007937,0.142857,0.033333
685801,Hunter Bigge,TB,R,170,0.241912,0.083088,0.005882,0.047427,0.111765,0.011765,0.005882,0.195589,0.231618,0.053308,0.011765,0.059244,0.000000
686218,Emmet Sheehan,LAD,R,442,0.269231,0.085972,0.004525,0.033937,0.110860,0.052036,0.004525,0.180996,0.196833,0.049773,0.011312,0.021233,0.016608
686228,Juan Burgos,AZ,R,65,0.218750,0.109375,0.015625,0.031250,0.156250,0.078125,0.000000,0.171875,0.156250,0.046875,0.015625,0.166667,0.000000
686563,Jonathan Cannon,CWS,R,991,0.179151,0.080964,0.010121,0.037449,0.149799,0.049595,0.007085,0.195346,0.222674,0.055669,0.012146,0.102129,0.021752
686580,Justin Slaten,BOS,R,375,0.235925,0.050938,0.005362,0.018767,0.158177,0.024129,0.002681,0.233244,0.203753,0.050938,0.016086,0.064516,0.031579
686610,Ken Waldichuk,WSH,L,109,0.201835,0.146789,0.027523,0.110092,0.091743,0.000000,0.000000,0.183486,0.183486,0.055046,0.000000,0.301988,0.000000
686613,Hunter Brown,HOU,R,1484,0.271072,0.082266,0.008092,0.023601,0.146325,0.024949,0.003372,0.222522,0.163183,0.040459,0.014160,0.088319,0.013245
686654,Ty Adcock,SD,R,35,0.235294,0.117647,0.000000,0.147059,0.117647,0.000000,0.000000,0.088235,0.235294,0.058824,0.000000,0.333333,0.000000
686701,Ryan Bergert,KC,R,323,0.226708,0.105590,0.003106,0.024845,0.121118,0.040373,0.003106,0.152174,0.251553,0.062112,0.009317,0.038462,0.009901
686751,Seth Johnson,PHI,R,72,0.236111,0.097222,0.000000,0.055556,0.138889,0.069444,0.000000,0.208333,0.138889,0.041667,0.013889,0.000000,0.076923
686752,Ryan Pepiot,TB,R,1218,0.254112,0.089638,0.010691,0.035362,0.117599,0.037007,0.004112,0.175164,0.212171,0.052632,0.011513,0.083700,0.015528
686753,Drey Jameson,AZ,R,13,0.000000,0.230769,0.000000,0.000000,0.153846,0.153846,0.000000,0.230769,0.153846,0.076923,0.000000,0.333333,0.000000
686790,Trevor McDonald,SF,R,70,0.214286,0.042857,0.000000,0.014286,0.157143,0.014286,0.000000,0.328571,0.157143,0.042857,0.028571,0.040000,0.000000
686796,Blake Walston,AZ,L,83,0.216867,0.120482,0.036145,0.048193,0.120482,0.024096,0.000000,0.144578,0.216867,0.060241,0.012048,0.153846,0.000000
686799,Jack Kochanowicz,LAA,R,967,0.136147,0.095582,0.015607,0.029132,0.172626,0.038458,0.001040,0.284831,0.166295,0.042608,0.017674,0.116212,0.036106
686930,Mason Barnett,ATH,R,104,0.173077,0.105769,0.009615,0.028846,0.163462,0.057692,0.000000,0.163462,0.230769,0.057692,0.009615,0.111111,0.033333
686973,Louis Varland,TOR,R,620,0.252383,0.071188,0.009712,0.029136,0.168286,0.040467,0.001618,0.237867,0.139173,0.035600,0.014568,0.121897,0.087710
686993,Justin Sterner,ATH,R,381,0.254702,0.076858,0.018609,0.029209,0.135208,0.034425,0.000000,0.180166,0.204496,0.053101,0.013225,0.048522,0.037159
687064,Brandon Young,BAL,R,274,0.178832,0.087591,0.000000,0.043796,0.145985,0.062044,0.000000,0.237226,0.182482,0.047445,0.014599,0.043478,0.031746
687075,Brandon Sproat,MIL,R,204,0.200981,0.151960,0.009804,0.058824,0.161765,0.024510,0.009804,0.191176,0.147059,0.034313,0.009804,0.169903,0.026515
687134,Bradley Blalock,MIA,R,422,0.111639,0.099762,0.009501,0.049881,0.187648,0.045131,0.002375,0.204276,0.223278,0.054632,0.011876,0.076923,0.042735
687209,Zach Maxwell,CIN,R,43,0.302326,0.093023,0.000000,0.069767,0.093023,0.046512,0.023256,0.186047,0.139535,0.046512,0.000000,0.125000,0.000000
687223,Carson Palmquist,COL,L,175,0.154286,0.142857,0.017143,0.057143,0.142857,0.051429,0.005714,0.131429,0.228571,0.057143,0.011429,0.000000,0.120000
687330,Kevin Kelly,TB,R,509,0.218936,0.043374,0.015768,0.035516,0.145966,0.035499,0.007892,0.266291,0.171583,0.043392,0.015784,0.062633,0.028086
687377,Orlando Ribalta,WSH,R,143,0.195804,0.132867,0.013986,0.041958,0.174825,0.048951,0.000000,0.139860,0.195804,0.048951,0.006993,0.047619,0.028571
687396,Brent Headrick,NYY,L,211,0.338138,0.082130,0.004810,0.024050,0.101591,0.082249,0.000000,0.091663,0.217408,0.053150,0.004810,0.090364,0.000000
687473,Ryan Gusto,MIA,R,456,0.214912,0.078947,0.010965,0.037281,0.164474,0.046053,0.002193,0.164474,0.214912,0.054825,0.010965,0.125000,0.032520
687606,Paxton Schultz,WSH,R,138,0.242030,0.081159,0.030434,0.028985,0.140580,0.065217,0.000000,0.137681,0.207247,0.059420,0.007246,0.000000,0.090062
687765,Mitch Spence,KC,R,1026,0.187683,0.066471,0.009775,0.035191,0.157380,0.059629,0.002933,0.232649,0.186706,0.046921,0.014663,0.071146,0.016736
687792,DJ Herz,WSH,L,382,0.278215,0.094488,0.007874,0.028871,0.139108,0.028871,0.002625,0.162730,0.196850,0.049869,0.010499,0.045455,0.010638
687830,Sawyer Gipson-Long,DET,R,133,0.195489,0.045113,0.015038,0.060150,0.127820,0.067669,0.000000,0.203008,0.218045,0.052632,0.015038,0.068966,0.111111
687847,Marc Church,TEX,R,27,0.222222,0.222222,0.000000,0.000000,0.074074,0.111111,0.000000,0.185185,0.148148,0.037037,0.000000,0.200000,0.200000
687849,Zak Kent,MIN,R,96,0.187500,0.135417,0.010417,0.031250,0.156250,0.020833,0.010417,0.187500,0.197917,0.052083,0.010417,0.157895,0.000000
687863,Porter Hodge,CHC,R,311,0.296774,0.116129,0.003226,0.035484,0.100000,0.025806,0.009677,0.170968,0.187097,0.045161,0.009677,0.089286,0.027778
687888,Brandon Walter,HOU,L,212,0.245283,0.018868,0.014151,0.047170,0.127358,0.037736,0.004717,0.235849,0.202830,0.051887,0.014151,0.018868,0.000000
687911,Bryan King,HOU,L,457,0.275711,0.061270,0.021882,0.024070,0.150985,0.026258,0.000000,0.205689,0.179431,0.043764,0.010941,0.080728,0.027263
687924,Julian Aguiar,CIN,R,140,0.136691,0.079137,0.035971,0.057554,0.115108,0.043165,0.000000,0.208633,0.244604,0.064748,0.014388,0.129032,0.000000
687931,Carson Whisenhunt,SF,L,102,0.156863,0.117647,0.019608,0.058824,0.107843,0.049020,0.000000,0.225490,0.205882,0.049020,0.009804,0.125000,0.000000
688107,Robert Gasser,MIL,L,143,0.146853,0.034965,0.034965,0.020979,0.195804,0.013986,0.000000,0.230769,0.244755,0.062937,0.013986,0.085714,0.068182
688138,Logan Evans,SEA,R,350,0.169054,0.085960,0.011461,0.037249,0.148997,0.042980,0.005731,0.212034,0.217765,0.054441,0.014327,0.101266,0.010526
688158,David Morgan,SD,R,307,0.237488,0.125496,0.016545,0.013144,0.118758,0.029689,0.003286,0.264379,0.138409,0.036262,0.016545,0.154074,0.000000
688297,Chris Roycroft,STL,R,281,0.182143,0.117857,0.017857,0.017857,0.153571,0.046429,0.014286,0.253571,0.146429,0.035714,0.014286,0.040000,0.098039
688497,Taylor Rashi,AZ,R,99,0.313131,0.080807,0.000000,0.000000,0.121212,0.040405,0.000000,0.222222,0.181819,0.030303,0.010101,0.000000,0.000000
688642,Zach Agnos,COL,R,248,0.163447,0.093682,0.000000,0.020279,0.176037,0.077581,0.004056,0.245036,0.158697,0.040732,0.020453,0.045285,0.016915
688883,Peyton Pallette,CLE,R,95,0.273684,0.073684,0.063158,0.031579,0.136842,0.031579,0.000000,0.115789,0.210526,0.063158,0.000000,0.273684,0.000000
689017,Landon Knack,LAD,R,471,0.235669,0.078556,0.010616,0.050955,0.116773,0.033970,0.006369,0.144374,0.250531,0.063694,0.008493,0.041667,0.020270
689147,Orion Kerkering,PHI,R,555,0.255482,0.079711,0.021745,0.014496,0.141312,0.041677,0.005415,0.210150,0.173856,0.043469,0.012685,0.080776,0.052953
689225,Beau Brieske,DET,R,385,0.222513,0.102094,0.005236,0.026178,0.133508,0.039267,0.007853,0.175393,0.222513,0.054974,0.010471,0.070423,0.047170
689254,Mason Fluharty,TOR,L,284,0.274490,0.093848,0.007195,0.021582,0.122949,0.050684,0.000000,0.165787,0.202154,0.050520,0.010791,0.092723,0.058452
689266,Dylan Dodd,ATL,L,155,0.219355,0.038709,0.006452,0.032258,0.129032,0.045161,0.006452,0.270968,0.187097,0.051613,0.012903,0.023387,0.055029
689296,Anthony Nunez,BAL,R,77,0.311688,0.038961,0.000000,0.038961,0.090909,0.012987,0.000000,0.311688,0.129870,0.038961,0.025974,0.000000,0.000000
689520,Cody Laweryson,MIN,R,52,0.288462,0.038462,0.038462,0.000000,0.096154,0.038462,0.000000,0.211538,0.211538,0.057692,0.019231,0.083333,0.142857
689672,Drew Thorpe,CWS,R,190,0.132275,0.111111,0.005291,0.042328,0.084656,0.058201,0.000000,0.216931,0.264550,0.068783,0.015873,0.045455,0.031746
689690,Alek Jacob,SD,R,210,0.200000,0.076190,0.038095,0.033333,0.142857,0.033333,0.004762,0.161905,0.238095,0.061905,0.009524,0.083333,0.047619
689958,Andrew Walters,CLE,R,38,0.210526,0.131579,0.000000,0.026316,0.000000,0.052632,0.000000,0.157895,0.342105,0.078947,0.000000,0.000000,0.062500
689981,River Ryan,LAD,R,81,0.222222,0.111111,0.000000,0.012346,0.148148,0.024691,0.000000,0.234568,0.185185,0.049383,0.012346,0.100000,0.000000
690155,Matt Pushard,STL,R,7,0.142857,0.142857,0.000000,0.000000,0.428571,0.000000,0.000000,0.000000,0.285714,0.000000,0.000000,0.000000,0.400000
690544,Bailey Horn,DET,L,138,0.169118,0.110294,0.000000,0.044118,0.161765,0.036765,0.000000,0.250000,0.169118,0.044118,0.014706,0.027778,0.068966
690829,Ben Joyce,LAA,R,162,0.209877,0.092593,0.024691,0.012346,0.154321,0.018519,0.006173,0.283951,0.141975,0.037037,0.018519,0.102041,0.000000
690916,Richard Fitts,STL,R,280,0.176259,0.082734,0.010791,0.039568,0.165468,0.017986,0.000000,0.205036,0.230216,0.057554,0.014388,0.114754,0.025000
690925,Clayton Beeter,WSH,R,201,0.257900,0.146935,0.000000,0.035808,0.070595,0.015031,0.000000,0.245280,0.167428,0.040533,0.020491,0.024361,0.100332
690928,Hunter Dobbins,STL,R,256,0.176471,0.062745,0.007843,0.023529,0.156863,0.054902,0.003922,0.254902,0.196078,0.047059,0.015686,0.101449,0.000000
690953,Mick Abel,MIN,R,375,0.209629,0.115672,0.018862,0.021422,0.180115,0.053907,0.005355,0.145069,0.190825,0.048376,0.010769,0.159741,0.000000
690986,Kyle Harrison,MIL,L,830,0.240040,0.078409,0.014473,0.033775,0.144757,0.042223,0.002413,0.176117,0.206272,0.050663,0.010857,0.057699,0.028182
690990,Cade Horton,CHC,R,502,0.201597,0.069860,0.011976,0.021956,0.139721,0.033932,0.001996,0.231537,0.219561,0.053892,0.013972,0.056911,0.021898
690997,Nolan McLean,NYM,R,380,0.307895,0.089474,0.013158,0.018421,0.100000,0.034211,0.000000,0.268421,0.123684,0.028947,0.015790,0.064766,0.000000
691172,Yosver Zulueta,SEA,R,101,0.247525,0.108911,0.009901,0.029703,0.138614,0.029703,0.000000,0.227723,0.158416,0.039604,0.009901,0.125000,0.050000
691441,Cristian Mena,AZ,R,41,0.243902,0.146341,0.000000,0.073171,0.097561,0.000000,0.000000,0.219512,0.146341,0.048780,0.024390,0.000000,0.000000
691548,Rolddy Muñoz,ATL,R,21,0.238095,0.238095,0.095238,0.047619,0.142857,0.000000,0.000000,0.190476,0.047619,0.000000,0.000000,0.250000,0.000000
691587,Eury Pérez,MIA,R,598,0.265886,0.098662,0.015050,0.040134,0.086956,0.048496,0.003344,0.157191,0.220735,0.053512,0.010034,0.077750,0.005777
691725,Andrew Painter,PHI,R,145,0.234483,0.048276,0.000000,0.000000,0.220690,0.048276,0.020690,0.151724,0.220690,0.048276,0.006897,0.134796,0.104368
691769,Philip Abner,AZ,L,18,0.277778,0.166667,0.000000,0.000000,0.166667,0.111111,0.000000,0.111111,0.111111,0.055556,0.000000,0.400000,0.000000
691799,Grant Taylor,CWS,R,244,0.329257,0.082326,0.000000,0.000000,0.193451,0.032921,0.000000,0.131730,0.176834,0.045238,0.008241,0.107728,0.044359
691945,Carter Baumler,TEX,R,27,0.222222,0.222222,0.037037,0.037037,0.074074,0.037037,0.000000,0.111111,0.222222,0.037037,0.000000,0.333333,0.000000
691946,George Klassen,LAA,R,48,0.208333,0.312500,0.000000,0.020833,0.145833,0.062500,0.000000,0.104167,0.104167,0.041667,0.000000,0.000000,0.000000
691951,Sam Aldegheri,LAA,L,140,0.157143,0.142857,0.042857,0.035714,0.164286,0.050000,0.000000,0.114286,0.228571,0.057143,0.007143,0.117647,0.075000
692024,Alex Carrillo,NYM,R,22,0.181818,0.090909,0.045455,0.181818,0.045455,0.045455,0.000000,0.090909,0.272727,0.045455,0.000000,0.000000,0.000000
692030,Jose Corniell,TEX,R,9,0.111111,0.111111,0.000000,0.111111,0.111111,0.111111,0.000000,0.111111,0.222222,0.111111,0.000000,0.000000,0.000000
692230,Carlos Rodriguez,MIL,R,107,0.186916,0.112150,0.000000,0.037383,0.196262,0.056075,0.009346,0.121495,0.214953,0.056075,0.009346,0.071429,0.034483
693312,Kyle Nicolas,CIN,R,432,0.211152,0.127586,0.013923,0.020873,0.153134,0.032487,0.002321,0.174019,0.201859,0.051045,0.011603,0.098605,0.036503
693313,Carson Seymour,SF,R,156,0.166667,0.083333,0.006410,0.057692,0.147436,0.032051,0.000000,0.288462,0.160256,0.038462,0.019231,0.083333,0.000000
693433,Bryan Woo,SEA,R,1407,0.248756,0.043355,0.007107,0.028429,0.122957,0.034826,0.000711,0.201138,0.240227,0.058990,0.013504,0.064813,0.018349
693645,Cam Schlittler,NYY,R,501,0.315370,0.063872,0.009980,0.015968,0.119761,0.039920,0.001996,0.195609,0.181637,0.043912,0.011976,0.043138,0.008305
693686,Spencer Miles,TOR,R,99,0.222222,0.080808,0.000000,0.060606,0.171717,0.000000,0.000000,0.181818,0.222222,0.060606,0.000000,0.093434,0.000000
693821,Bryce Elder,ATL,R,1088,0.204228,0.072677,0.007360,0.031281,0.169274,0.040482,0.003681,0.251152,0.163748,0.040478,0.015640,0.069393,0.023272
693855,Ian Seymour,TB,L,313,0.259618,0.057728,0.019219,0.016036,0.150637,0.064045,0.000000,0.169917,0.201903,0.051277,0.009621,0.141277,0.060917
694037,Daniel Palencia,CHC,R,329,0.268305,0.091465,0.009149,0.015249,0.137202,0.042677,0.009149,0.179869,0.189008,0.048777,0.009149,0.114121,0.013186
694297,Brandon Pfaadt,AZ,R,1718,0.209590,0.053115,0.010508,0.033272,0.156456,0.054290,0.005255,0.223567,0.192065,0.047870,0.014011,0.078305,0.026557
694335,Matt Svanson,STL,R,364,0.239011,0.098901,0.019231,0.032968,0.145605,0.021978,0.005494,0.184066,0.195055,0.049450,0.008242,0.102531,0.043637
694361,Will Klein,LAD,R,182,0.259947,0.121258,0.010989,0.000000,0.176961,0.043956,0.000000,0.182266,0.160478,0.033157,0.010989,0.057143,0.064935
694363,Jared Shuster,STL,L,418,0.165883,0.091339,0.004809,0.021639,0.170692,0.052882,0.002404,0.192282,0.228358,0.057691,0.012022,0.084360,0.050743
694462,Hurston Waldrep,ATL,R,265,0.219697,0.109848,0.015152,0.022727,0.147727,0.034091,0.000000,0.242424,0.155303,0.037879,0.015152,0.117647,0.019608
694477,Chad Patrick,MIL,R,644,0.230198,0.082421,0.006223,0.024885,0.146192,0.055981,0.000000,0.161732,0.225497,0.055987,0.010884,0.094992,0.011297
694646,Chayce McDermott,BAL,R,69,0.173913,0.202899,0.014493,0.057971,0.159420,0.028986,0.000000,0.144928,0.159420,0.043478,0.014493,0.090909,0.142857
694738,Landen Roupp,SF,R,875,0.227681,0.094970,0.004578,0.014877,0.154465,0.051486,0.000000,0.232259,0.162475,0.042334,0.014874,0.055620,0.022021
694813,Gavin Stone,LAD,R,580,0.200000,0.063793,0.003448,0.031034,0.151724,0.043103,0.003448,0.232759,0.203448,0.051724,0.015517,0.076389,0.020270
694819,Jacob Misiorowski,MIL,R,474,0.360760,0.122363,0.018987,0.029536,0.101266,0.025316,0.002110,0.145570,0.145570,0.037975,0.010549,0.136053,0.000000
694851,Andrew Hoffmann,AZ,R,148,0.222972,0.168919,0.020270,0.013514,0.108108,0.054054,0.000000,0.114865,0.229730,0.060811,0.006756,0.231982,0.067868
694918,Blade Tidwell,SF,R,138,0.173913,0.094203,0.007246,0.043478,0.181160,0.028985,0.000000,0.181160,0.231884,0.050725,0.007246,0.155394,0.027247
694973,Paul Skenes,PIT,R,1403,0.300784,0.065574,0.012831,0.017106,0.121169,0.040628,0.004277,0.215253,0.166785,0.041339,0.014255,0.096240,0.016542
695076,Rhett Lowder,CIN,R,335,0.164179,0.095522,0.000000,0.008955,0.149254,0.032836,0.008955,0.200000,0.259701,0.068657,0.011940,0.070492,0.000000
695243,Mason Miller,SD,R,552,0.478704,0.085962,0.003660,0.020127,0.084132,0.014638,0.003660,0.129876,0.138988,0.032935,0.007319,0.125074,0.030435
695418,Brad Lord,WSH,R,687,0.188035,0.071383,0.008762,0.033537,0.153042,0.040815,0.004367,0.277118,0.166114,0.039330,0.017496,0.080788,0.020321
695445,Chase Lee,TOR,R,148,0.244898,0.054422,0.013605,0.047619,0.108844,0.047619,0.013605,0.197279,0.204082,0.054422,0.013605,0.129032,0.078947
695505,Chase Burns,CIN,R,371,0.320755,0.097035,0.000000,0.032345,0.123990,0.037736,0.002695,0.156334,0.172507,0.045822,0.010782,0.017296,0.000000
695534,Chase Petty,CIN,R,40,0.175000,0.200000,0.025000,0.075000,0.200000,0.075000,0.000000,0.075000,0.150000,0.025000,0.000000,0.333333,0.000000
695549,Jackson Jobe,DET,R,234,0.175966,0.120172,0.008584,0.030043,0.128755,0.038627,0.004292,0.201717,0.223176,0.055794,0.012876,0.040000,0.030769
696131,Mason Black,KC,R,188,0.191489,0.079787,0.015957,0.047872,0.159574,0.058511,0.005319,0.138298,0.234043,0.058511,0.010638,0.000000,0.018182
696136,Jordan Wicks,CHC,L,279,0.197133,0.075269,0.007168,0.039427,0.182796,0.057348,0.003584,0.189964,0.189964,0.046595,0.010753,0.089286,0.000000
696147,Sam Bachman,LAA,R,182,0.236264,0.153846,0.005494,0.005494,0.137363,0.038461,0.000000,0.197802,0.164835,0.049450,0.010989,0.042892,0.000000
696149,Bubba Chandler,PIT,R,267,0.243446,0.134832,0.011236,0.014981,0.101124,0.048689,0.003745,0.183521,0.198502,0.048689,0.011236,0.119961,0.013880
696270,Ryan Johnson,LAA,R,93,0.195652,0.086957,0.000000,0.054348,0.260870,0.021739,0.000000,0.163043,0.163043,0.043478,0.010870,0.062500,0.105263
697812,Joe Rock,TB,L,35,0.314286,0.057143,0.057143,0.028571,0.171429,0.000000,0.000000,0.228571,0.085714,0.028571,0.028571,0.000000,0.000000
699134,Bradgley Rodriguez,SD,R,124,0.268354,0.024472,0.024610,0.000000,0.194800,0.008203,0.000000,0.276418,0.146274,0.032536,0.024332,0.136386,0.135369
700187,Troy Taylor,SEA,R,118,0.228814,0.084746,0.008475,0.050847,0.152542,0.042373,0.000000,0.161017,0.211864,0.050847,0.008475,0.050000,0.064516
700241,Michael McGreevy,STL,R,672,0.157738,0.041667,0.005952,0.023809,0.154762,0.035714,0.007441,0.293155,0.209821,0.052084,0.017857,0.076476,0.011992
700249,Cade Povich,BAL,L,936,0.212243,0.088962,0.004288,0.034299,0.151129,0.046096,0.006433,0.192903,0.201488,0.049301,0.012857,0.101682,0.026125
700270,Yilber Díaz,AZ,R,134,0.149254,0.111940,0.000000,0.022388,0.141791,0.052239,0.014925,0.194030,0.238806,0.059701,0.014925,0.142857,0.050000
700363,AJ Smith-Shawver,ATL,R,210,0.219048,0.109524,0.004762,0.019048,0.152381,0.038095,0.004762,0.166667,0.219048,0.057143,0.009524,0.081081,0.000000
700413,Tyler Uberstine,BOS,R,11,0.181818,0.090909,0.000000,0.090909,0.090909,0.090909,0.000000,0.090909,0.272727,0.090909,0.000000,0.400000,0.000000
700669,Gordon Graceffo,STL,R,285,0.189473,0.098245,0.010526,0.010526,0.122807,0.063158,0.017544,0.231579,0.196491,0.049122,0.010526,0.086765,0.060401
700712,Walbert Urena,LAA,R,15,0.142857,0.142857,0.000000,0.000000,0.285714,0.071429,0.000000,0.357143,0.000000,0.000000,0.000000,0.000000,0.000000
701487,Pierson Ohl,COL,R,133,0.203008,0.052632,0.000000,0.037594,0.180451,0.060150,0.007519,0.180451,0.210526,0.052632,0.015038,0.076923,0.000000
701519,Travis Adams,MIN,R,158,0.197452,0.108280,0.019108,0.038217,0.146497,0.057325,0.006369,0.146497,0.216561,0.050955,0.012739,0.000000,0.119048
701542,Will Warren,NYY,R,1010,0.240084,0.089289,0.004962,0.032739,0.148802,0.045643,0.003969,0.207328,0.170639,0.043650,0.012896,0.039927,0.046066
701552,Andre Granillo,WSH,R,114,0.166667,0.105263,0.008772,0.035088,0.157895,0.035088,0.017544,0.149123,0.254386,0.061404,0.008772,0.111111,0.111111
701581,David Festa,MIN,R,506,0.256917,0.083004,0.011858,0.037549,0.134387,0.041502,0.005929,0.169960,0.199605,0.049407,0.009881,0.043956,0.015873
701656,Logan Henderson,MIL,R,108,0.333333,0.083333,0.000000,0.027778,0.138889,0.018519,0.000000,0.083333,0.240741,0.064815,0.009259,0.100000,0.000000
701719,Tyler Samaniego,BOS,L,20,0.550000,0.350000,0.000000,0.000000,0.000000,0.000000,0.000000,0.000000,0.100000,0.000000,0.000000,0.000000,0.000000
702056,Trey Yesavage,TOR,R,62,0.258065,0.112903,0.000000,0.000000,0.177419,0.032258,0.000000,0.193548,0.161290,0.048387,0.016129,0.000000,0.000000
702070,Noah Cameron,KC,L,711,0.208449,0.070427,0.004226,0.028172,0.135206,0.038022,0.002818,0.209877,0.232382,0.057745,0.012677,0.108656,0.000000
702303,Riley Martin,CHC,L,20,0.200000,0.000000,0.000000,0.000000,0.200000,0.000000,0.000000,0.300000,0.250000,0.050000,0.000000,0.363333,0.000000
702352,Spencer Bivens,SF,R,545,0.180479,0.062615,0.011050,0.027624,0.162063,0.040516,0.009208,0.270718,0.174954,0.044199,0.016575,0.089744,0.025210
702674,Caden Dana,LAA,R,193,0.212435,0.129534,0.010363,0.072539,0.124352,0.031088,0.000000,0.217617,0.150259,0.036269,0.015544,0.088889,0.138889
702752,Jonathan Pintaro,NYM,R,6,0.166667,0.333333,0.000000,0.000000,0.333333,0.000000,0.000000,0.166667,0.000000,0.000000,0.000000,0.000000,0.000000
800048,Parker Messick,CLE,L,311,0.244373,0.054662,0.000000,0.022508,0.170418,0.032154,0.003215,0.231512,0.180065,0.045016,0.016077,0.091438,0.000000
800049,Adam Mazur,MIA,R,297,0.138047,0.111111,0.010101,0.033670,0.144781,0.063973,0.003367,0.198653,0.225589,0.057239,0.013468,0.111111,0.035714
800311,Didier Fuentes,ATL,R,84,0.190476,0.083333,0.023810,0.071429,0.202381,0.023810,0.000000,0.107143,0.226190,0.059524,0.011905,0.100000,0.083333
801139,Payton Tolle,BOS,L,74,0.256757,0.108108,0.000000,0.067568,0.148649,0.027027,0.000000,0.135135,0.189189,0.054054,0.013514,0.090909,0.055556
801403,Chase Dollander,COL,R,616,0.201299,0.099026,0.009740,0.043831,0.152598,0.034091,0.001624,0.214285,0.183441,0.045455,0.014610,0.050983,0.057792
801434,Paul Gervase,LAD,R,39,0.205128,0.153846,0.000000,0.076923,0.102564,0.025641,0.000000,0.051282,0.307692,0.076923,0.000000,0.000000,0.000000
802419,Thomas Harrington,PIT,R,50,0.140000,0.140000,0.000000,0.060000,0.200000,0.100000,0.000000,0.160000,0.160000,0.040000,0.000000,0.125000,0.100000
802686,Hayden Harris,ATL,L,12,0.000000,0.166667,0.000000,0.000000,0.166667,0.083333,0.000000,0.166667,0.333333,0.083333,0.000000,0.400000,0.000000
804636,Jonah Tong,NYM,R,87,0.252874,0.103448,0.000000,0.034483,0.183908,0.057471,0.000000,0.126437,0.183908,0.045977,0.011494,0.083333,0.050000
805123,AJ Blubaugh,HOU,R,250,0.224000,0.104000,0.000000,0.048000,0.092000,0.060000,0.000000,0.152000,0.248000,0.064000,0.008000,0.023571,0.089197
805299,Brandyn Garcia,AZ,L,66,0.212121,0.121212,0.015152,0.000000,0.227273,0.045455,0.000000,0.212121,0.121212,0.030303,0.015152,0.200000,0.000000
805326,Tyler Schweitzer,CWS,L,7,0.142857,0.142857,0.000000,0.000000,0.000000,0.285714,0.000000,0.142857,0.285714,0.000000,0.000000,0.000000,0.000000
805427,Drew Sommers,DET,L,19,0.157895,0.157895,0.052632,0.052632,0.210526,0.052632,0.052632,0.105263,0.105263,0.052632,0.000000,0.000000,0.000000
805673,Zebby Matthews,MIN,R,531,0.246704,0.065913,0.003766,0.043315,0.184557,0.045198,0.000000,0.156309,0.195857,0.048964,0.009416,0.068182,0.038462
806185,Hayden Birdsong,SF,R,613,0.254486,0.130506,0.014682,0.034258,0.115824,0.037520,0.004894,0.159869,0.190865,0.047308,0.009788,0.067308,0.034247
806188,Cade Gibson,MIA,L,230,0.189427,0.079295,0.026432,0.013216,0.136564,0.039648,0.004405,0.277533,0.171806,0.044053,0.017621,0.044776,0.020408
806960,Luis Morales,ATH,R,241,0.199170,0.107884,0.008299,0.049793,0.124481,0.029046,0.008299,0.161826,0.240664,0.058091,0.012448,0.071429,0.013889
808963,Roki Sasaki,LAD,R,306,0.199347,0.137255,0.009803,0.042483,0.117647,0.039216,0.003268,0.186275,0.196079,0.052288,0.016340,0.015718,0.000000
808967,Yoshinobu Yamamoto,LAD,R,1253,0.277734,0.069433,0.005587,0.021548,0.118117,0.044693,0.001596,0.244214,0.161213,0.040702,0.015164,0.061684,0.020769
813349,Connelly Early,BOS,L,241,0.286307,0.107884,0.012448,0.000000,0.174274,0.037344,0.000000,0.170125,0.161826,0.037344,0.012448,0.158437,0.042186
814005,Jake Bloss,TOR,R,55,0.203704,0.055556,0.000000,0.092593,0.166667,0.018519,0.018519,0.148148,0.240741,0.055556,0.000000,0.000000,0.000000
815083,Mitch Farris,LAA,L,137,0.204379,0.116788,0.007300,0.043796,0.131387,0.036497,0.014598,0.124088,0.248175,0.065693,0.007300,0.133786,0.069447
820862,José Fermin,LAA,R,152,0.260000,0.140000,0.006667,0.053333,0.093333,0.020000,0.000000,0.133333,0.226667,0.060000,0.006667,0.095238,0.023256
837227,Tatsuya Imai,HOU,R,125,0.312000,0.232000,0.016000,0.000000,0.136000,0.024000,0.000000,0.184000,0.072000,0.024000,0.000000,0.000000,0.000000
641585,J.P. France,HOU,R,15,0.200000,0.266667,0.066667,0.000000,0.133333,0.066667,0.000000,0.200000,0.066667,0.000000,0.000000,0.000000,0.000000
701474,Duncan Davitt,CWS,R,3,0.000000,0.333333,0.000000,0.000000,0.000000,0.000000,0.000000,0.333333,0.333333,0.000000,0.000000,0.400000,0.000000
518886,Craig Kimbrel,NYM,R,4,0.500000,0.000000,0.000000,0.000000,0.250000,0.000000,0.000000,0.000000,0.250000,0.000000,0.000000,0.000000,0.000000
680704,Nick Sandlin,LAA,R,4,0.000000,0.000000,0.250000,0.000000,0.250000,0.000000,0.000000,0.250000,0.250000,0.000000,0.000000,0.000000,0.000000
702193,Andrew Morris,MIN,R,15,0.133333,0.000000,0.000000,0.000000,0.333333,0.066667,0.000000,0.066667,0.333333,0.066667,0.000000,0.000000,0.166667
